Employee,OrderID,HoursWorked
Amit,3948.0,11
Amit,5181.0,1
Sneha,5965.0,2
Neha,,7
Sneha,1412.0,6
Amit,4994.0,8
Amit,1121.0,11
Neha,2481.0,3
Kiran,1009.0,6
Ravi,5408.0,6
Amit,4276.0,2
Amit,5925.0,1
Sneha,1500.0,2
Amit,3698.0,9
Amit,5241.0,6
Ravi,5497.0,3
Sneha,3975.0,10
Kiran,1686.0,7
Amit,1755.0,1
Amit,5579.0,8
Kiran,3148.0,10
Neha,3653.0,7
Kiran,5882.0,3
Kiran,3315.0,4
Sneha,5602.0,11
Kiran,5057.0,7
Sneha,3298.0,4
Kiran,5535.0,5
Amit,4680.0,1
Amit,1387.0,5
Neha,2486.0,10
Kiran,3544.0,10
Ravi,5712.0,4
Kiran,5752.0,3
Ravi,1137.0,9
Kiran,3628.0,1
Sneha,5269.0,10
Amit,,5
Ravi,1857.0,10
Ravi,5594.0,2
Kiran,2144.0,5
Amit,3838.0,5
Neha,1149.0,10
Ravi,5951.0,11
Amit,,1
Amit,3564.0,4
Ravi,1570.0,7
Sneha,1198.0,1
Sneha,4446.0,10
Kiran,4098.0,2
Kiran,3506.0,4
Amit,3757.0,10
Ravi,5007.0,2
Sneha,1712.0,2
Amit,1927.0,1
Sneha,4770.0,2
Ravi,5271.0,3
Sneha,5375.0,4
Neha,1208.0,1
Kiran,5871.0,1
Sneha,3353.0,7
Ravi,3776.0,5
Ravi,1992.0,7
Neha,4427.0,10
Ravi,3079.0,9
Neha,1125.0,1
Amit,,8
Sneha,1861.0,10
Ravi,1708.0,4
Kiran,2315.0,9
Sneha,,2
Neha,,9
Sneha,4599.0,8
Sneha,5437.0,6
Ravi,3887.0,5
Kiran,2361.0,3
Amit,2170.0,1
Kiran,2574.0,6
Neha,1320.0,10
Kiran,,5
Kiran,1371.0,8
Neha,2809.0,1
Kiran,3464.0,10
Amit,2617.0,1
Sneha,5014.0,7
Amit,5679.0,8
Sneha,5979.0,10
Sneha,4901.0,1
Kiran,1871.0,9
Sneha,1300.0,7
Neha,3270.0,7
Amit,1934.0,8
Sneha,4688.0,8
Kiran,5329.0,1
Kiran,3226.0,4
Kiran,1074.0,11
Ravi,2370.0,9
Amit,5149.0,3
Kiran,2456.0,6
Neha,3513.0,4
Kiran,3817.0,1
Ravi,2895.0,3
Amit,5214.0,3
Sneha,3266.0,3
Amit,2801.0,11
Sneha,3849.0,6
Sneha,1282.0,9
Kiran,4370.0,7
Neha,1714.0,7
Neha,1938.0,1
Kiran,1816.0,9
Ravi,2776.0,4
Sneha,,8
Neha,2179.0,1
Amit,2963.0,8
Ravi,4794.0,9
Kiran,3432.0,5
Ravi,3915.0,7
Neha,3332.0,11
Kiran,2802.0,10
Neha,3499.0,2
Sneha,5573.0,1
Ravi,2168.0,11
Sneha,1257.0,6
Amit,3436.0,9
Sneha,2749.0,1
Ravi,1132.0,10
Amit,3675.0,1
Neha,3452.0,4
Amit,,10
Ravi,5563.0,6
Kiran,1803.0,9
Amit,,2
Neha,1813.0,5
Amit,5760.0,7
Sneha,1498.0,4
Kiran,3553.0,6
Ravi,1152.0,6
Kiran,4284.0,4
Sneha,2350.0,4
Kiran,2126.0,9
Sneha,2398.0,11
Amit,3813.0,1
Ravi,1281.0,5
Sneha,5561.0,11
Sneha,2477.0,9
Amit,1273.0,9
Sneha,4988.0,9
Ravi,1521.0,2
Neha,2727.0,7
Kiran,5200.0,10
Sneha,2107.0,8
Kiran,2476.0,1
Kiran,5998.0,2
Neha,1917.0,1
Sneha,2983.0,9
Ravi,5313.0,10
Sneha,3334.0,11
Kiran,4922.0,5
Amit,,4
Neha,,8
Ravi,3046.0,3
Ravi,1670.0,8
Kiran,2980.0,3
Ravi,3322.0,6
Kiran,4828.0,4
Ravi,3733.0,8
Ravi,2853.0,7
Kiran,3107.0,5
Neha,2646.0,3
Ravi,2430.0,5
Sneha,4442.0,4
Amit,1920.0,8
Kiran,3113.0,11
Ravi,,5
Neha,5096.0,10
Sneha,1412.0,10
Kiran,5394.0,5
Sneha,4300.0,2
Amit,3859.0,9
Neha,2221.0,6
Kiran,3291.0,11
Kiran,3751.0,1
Ravi,1754.0,3
Sneha,2487.0,4
Kiran,5354.0,10
Sneha,5247.0,10
Amit,,2
Ravi,4372.0,11
Amit,3207.0,10
Ravi,2931.0,4
Ravi,3370.0,2
Sneha,2772.0,6
Ravi,4771.0,10
Amit,3253.0,9
Amit,3163.0,1
Amit,2092.0,5
Sneha,3470.0,9
Sneha,2411.0,11
Neha,1844.0,7
Kiran,2663.0,11
Neha,5766.0,6
Neha,1878.0,7
Ravi,5043.0,9
Ravi,,3
Neha,4632.0,8
Kiran,3851.0,1
Neha,4908.0,10
Sneha,2562.0,6
Amit,2112.0,9
Neha,3155.0,1
Ravi,,5
Kiran,1204.0,8
Ravi,5677.0,10
Sneha,3640.0,11
Ravi,1864.0,6
Ravi,4710.0,6
Kiran,5969.0,3
Kiran,4022.0,8
Ravi,5633.0,1
Ravi,1534.0,4
Neha,1740.0,8
Sneha,2839.0,6
Neha,5407.0,11
Kiran,3313.0,9
Neha,3930.0,1
Neha,1374.0,2
Ravi,4949.0,1
Ravi,3659.0,11
Sneha,4495.0,4
Amit,5316.0,9
Amit,2501.0,4
Neha,1520.0,9
Sneha,1363.0,6
Sneha,2477.0,5
Kiran,,10
Ravi,3013.0,4
Kiran,4325.0,10
Amit,2953.0,2
Sneha,5309.0,8
Amit,5970.0,3
Ravi,1531.0,1
Ravi,5544.0,11
Ravi,5148.0,10
Amit,,7
Sneha,2578.0,8
Kiran,2632.0,7
Sneha,3387.0,4
Sneha,1847.0,8
Neha,1896.0,10
Sneha,2841.0,4
Kiran,2357.0,5
Neha,2620.0,8
Sneha,2871.0,2
Neha,3247.0,10
Sneha,2463.0,8
Ravi,3198.0,5
Ravi,2963.0,5
Sneha,2364.0,7
Neha,5732.0,4
Kiran,4603.0,3
Ravi,1859.0,6
Neha,4218.0,6
Kiran,1778.0,10
Neha,1050.0,6
Sneha,3609.0,7
Ravi,4683.0,4
Ravi,1376.0,3
Ravi,,3
Sneha,3673.0,3
Kiran,5379.0,2
Kiran,2030.0,6
Ravi,5376.0,1
Kiran,3646.0,6
Ravi,1393.0,8
Kiran,4518.0,6
Ravi,2094.0,2
Kiran,2498.0,7
Neha,1484.0,3
Ravi,3858.0,9
Ravi,5924.0,11
Amit,4923.0,8
Ravi,3224.0,6
Kiran,,1
Neha,1087.0,2
Neha,5485.0,8
Kiran,2644.0,6
Sneha,1719.0,1
Ravi,5833.0,9
Neha,3230.0,8
Kiran,3470.0,2
Neha,3249.0,10
Neha,1583.0,5
Kiran,5120.0,3
Amit,,1
Neha,3384.0,7
Neha,4722.0,9
Sneha,2493.0,11
Amit,5237.0,7
Sneha,4319.0,3
Kiran,2095.0,6
Ravi,5008.0,3
Kiran,5488.0,4
Amit,3296.0,1
Kiran,2129.0,2
Amit,3306.0,1
Sneha,1406.0,10
Neha,,2
Kiran,5982.0,4
Kiran,4076.0,6
Neha,2588.0,11
Kiran,3055.0,8
Kiran,,10
Ravi,5435.0,9
Ravi,4770.0,10
Neha,4774.0,7
Sneha,5446.0,4
Kiran,,7
Kiran,4853.0,1
Sneha,1796.0,11
Kiran,3947.0,10
Sneha,3320.0,11
Neha,3905.0,11
Neha,2454.0,6
Sneha,1879.0,1
Sneha,5473.0,8
Amit,1387.0,4
Ravi,4682.0,8
Ravi,3435.0,8
Kiran,2181.0,2
Kiran,5520.0,6
Sneha,1787.0,10
Sneha,5373.0,4
Ravi,4220.0,3
Kiran,2839.0,9
Ravi,,10
Neha,4186.0,9
Ravi,3043.0,2
Ravi,,5
Sneha,4573.0,10
Kiran,2249.0,10
Neha,5243.0,7
Ravi,2626.0,9
Ravi,2472.0,8
Sneha,,10
Amit,2347.0,4
Kiran,2115.0,3
Kiran,1014.0,1
Kiran,2172.0,1
Ravi,2827.0,9
Ravi,4543.0,4
Ravi,1409.0,8
Amit,5480.0,4
Ravi,5153.0,6
Kiran,3562.0,4
Kiran,4650.0,2
Sneha,3393.0,1
Amit,2903.0,8
Neha,4159.0,6
Ravi,1405.0,1
Neha,,5
Ravi,1859.0,3
Amit,2998.0,2
Amit,1209.0,3
Kiran,3191.0,2
Amit,2823.0,10
Neha,1546.0,2
Neha,1804.0,1
Amit,2128.0,3
Neha,5093.0,3
Ravi,1247.0,4
Sneha,3578.0,3
Kiran,1465.0,8
Sneha,1620.0,4
Neha,2959.0,10
Kiran,4036.0,1
Sneha,3416.0,2
Sneha,2230.0,7
Neha,1357.0,6
Kiran,3379.0,9
Kiran,4352.0,6
Sneha,1885.0,2
Kiran,5597.0,8
Kiran,2759.0,9
Ravi,5840.0,5
Neha,3921.0,6
Neha,2458.0,4
Ravi,1551.0,11
Sneha,1200.0,2
Amit,2391.0,5
Sneha,4743.0,5
Ravi,,1
Kiran,2444.0,5
Ravi,5775.0,1
Neha,1277.0,3
Kiran,1054.0,11
Sneha,1164.0,9
Kiran,3124.0,4
Neha,3790.0,9
Ravi,5518.0,6
Sneha,5673.0,1
Amit,,3
Amit,2330.0,3
Ravi,,4
Sneha,4189.0,10
Sneha,2081.0,4
Kiran,1659.0,8
Ravi,3266.0,3
Kiran,5642.0,11
Ravi,3035.0,4
Neha,,3
Ravi,1466.0,7
Kiran,5662.0,6
Sneha,5600.0,1
Ravi,2375.0,10
Sneha,5637.0,1
Neha,2807.0,6
Amit,3127.0,3
Amit,1419.0,9
Kiran,2460.0,2
Ravi,5533.0,3
Neha,3214.0,9
Neha,1598.0,6
Sneha,2190.0,1
Kiran,4907.0,2
Neha,5046.0,7
Ravi,1446.0,6
Neha,,1
Amit,1047.0,10
Kiran,4929.0,2
Sneha,2513.0,6
Ravi,2287.0,6
Amit,,6
Neha,2949.0,9
Kiran,1943.0,2
Kiran,3702.0,10
Ravi,3291.0,10
Sneha,4726.0,11
Amit,,9
Sneha,1904.0,9
Ravi,3660.0,10
Ravi,2132.0,9
Amit,3369.0,9
Kiran,5570.0,3
Kiran,,10
Amit,,9
Sneha,1467.0,10
Amit,5058.0,9
Kiran,5851.0,3
Sneha,5035.0,4
Neha,2136.0,4
Sneha,2479.0,4
Kiran,5384.0,7
Ravi,1341.0,5
Sneha,1660.0,7
Sneha,1186.0,6
Ravi,3077.0,7
Kiran,2432.0,8
Neha,5993.0,6
Neha,1747.0,9
Amit,4835.0,4
Neha,1533.0,5
Neha,3976.0,9
Sneha,5210.0,9
Amit,2122.0,2
Neha,4094.0,2
Sneha,2145.0,9
Amit,1211.0,6
Sneha,4774.0,8
Ravi,,8
Kiran,3434.0,8
Kiran,5997.0,5
Kiran,2924.0,11
Neha,4125.0,11
Kiran,2892.0,10
Kiran,1641.0,4
Amit,2615.0,3
Amit,2485.0,4
Amit,4793.0,8
Neha,2926.0,4
Kiran,2880.0,8
Neha,3999.0,8
Neha,2332.0,1
Neha,3261.0,11
Neha,5280.0,11
Neha,,9
Neha,2644.0,3
Kiran,3293.0,6
Amit,4711.0,3
Sneha,2796.0,9
Sneha,2678.0,1
Sneha,3753.0,7
Ravi,2404.0,5
Amit,1239.0,3
Kiran,1319.0,11
Neha,1562.0,7
Sneha,3808.0,1
Amit,,6
Kiran,4414.0,7
Sneha,5705.0,9
Amit,5039.0,9
Kiran,,7
Amit,2508.0,5
Neha,5962.0,7
Amit,3021.0,11
Amit,1155.0,1
Ravi,1542.0,7
Neha,5256.0,10
Amit,5886.0,4
Neha,,2
Amit,2685.0,6
Neha,3537.0,7
Kiran,2280.0,11
Sneha,,7
Ravi,3900.0,8
Sneha,1869.0,5
Amit,4014.0,10
Amit,4167.0,11
Kiran,4311.0,10
Amit,1683.0,11
Neha,3264.0,8
Sneha,2462.0,4
Amit,4830.0,10
Kiran,1146.0,1
Ravi,2975.0,8
Sneha,2821.0,4
Kiran,1605.0,5
Kiran,2607.0,4
Sneha,5240.0,7
Kiran,4200.0,10
Ravi,2548.0,3
Ravi,3773.0,2
Amit,2988.0,10
Neha,2386.0,2
Amit,4644.0,7
Neha,3897.0,11
Sneha,2820.0,10
Kiran,3655.0,6
Amit,3120.0,2
Kiran,5718.0,8
Amit,1946.0,6
Amit,2306.0,8
Ravi,2902.0,6
Neha,4696.0,4
Sneha,1159.0,8
Kiran,4795.0,4
Amit,4323.0,6
Kiran,2351.0,5
Ravi,5721.0,4
Sneha,5434.0,7
Neha,2655.0,8
Neha,4031.0,6
Amit,1676.0,1
Sneha,,7
Neha,4176.0,4
Sneha,2204.0,2
Kiran,4361.0,3
Ravi,2472.0,10
Sneha,2349.0,4
Sneha,4424.0,7
Neha,4017.0,9
Amit,1670.0,10
Amit,2255.0,11
Kiran,5420.0,6
Neha,3009.0,10
Neha,1827.0,5
Ravi,3312.0,9
Amit,1450.0,8
Neha,1549.0,8
Kiran,2635.0,8
Ravi,4670.0,8
Amit,3113.0,8
Amit,2639.0,10
Amit,5720.0,10
Ravi,5449.0,7
Kiran,2008.0,2
Kiran,5232.0,2
Neha,4386.0,11
Neha,2011.0,5
Amit,3774.0,6
Sneha,3801.0,9
Neha,1310.0,1
Kiran,,11
Amit,2637.0,7
Kiran,5462.0,7
Amit,4153.0,8
Ravi,4131.0,1
Neha,2261.0,10
Ravi,5434.0,4
Neha,5568.0,10
Kiran,5385.0,5
Kiran,,2
Sneha,4381.0,2
Kiran,2631.0,11
Amit,2146.0,4
Sneha,3395.0,3
Amit,1036.0,7
Sneha,1725.0,7
Amit,2477.0,2
Sneha,3507.0,5
Neha,4298.0,5
Neha,1891.0,8
Sneha,,8
Ravi,2401.0,11
Sneha,2027.0,4
Ravi,5102.0,10
Amit,3661.0,1
Sneha,5405.0,6
Ravi,3407.0,7
Sneha,4006.0,1
Neha,,8
Neha,1676.0,9
Sneha,3850.0,8
Sneha,1518.0,3
Kiran,5480.0,9
Neha,4986.0,10
Amit,3587.0,3
Sneha,5704.0,4
Kiran,1162.0,6
Sneha,1601.0,7
Neha,2560.0,8
Ravi,1665.0,7
Ravi,,3
Neha,4782.0,11
Amit,3040.0,11
Kiran,5577.0,2
Sneha,4791.0,11
Sneha,5317.0,2
Sneha,2773.0,9
Kiran,5606.0,7
Kiran,2391.0,7
Neha,5287.0,5
Kiran,2718.0,6
Sneha,2958.0,7
Sneha,2660.0,9
Kiran,4089.0,10
Kiran,,4
Neha,3945.0,6
Ravi,2828.0,1
Kiran,3440.0,7
Ravi,2117.0,4
Amit,3006.0,2
Ravi,2162.0,4
Kiran,5120.0,8
Sneha,,2
Sneha,3001.0,1
Kiran,1289.0,1
Neha,2038.0,7
Kiran,3486.0,7
Kiran,4365.0,4
Neha,5824.0,5
Neha,3132.0,5
Amit,5465.0,7
Amit,4974.0,3
Amit,2185.0,5
Neha,5992.0,7
Ravi,3354.0,11
Kiran,,7
Amit,4668.0,9
Ravi,5806.0,4
Kiran,1200.0,1
Ravi,1335.0,5
Sneha,4414.0,11
Sneha,1179.0,4
Kiran,1450.0,3
Ravi,2725.0,7
Ravi,2180.0,9
Neha,5836.0,4
Amit,1868.0,6
Kiran,1978.0,1
Ravi,4641.0,1
Amit,1666.0,3
Kiran,3073.0,5
Ravi,3524.0,6
Sneha,,9
Ravi,5298.0,9
Sneha,5706.0,10
Sneha,2488.0,11
Neha,,1
Neha,5968.0,2
Amit,4551.0,11
Kiran,4451.0,8
Amit,3159.0,5
Neha,1123.0,3
Amit,,9
Kiran,5074.0,2
Kiran,,7
Ravi,2407.0,10
Amit,4546.0,8
Neha,5605.0,2
Ravi,,1
Amit,1725.0,3
Kiran,1247.0,8
Neha,3629.0,4
Amit,5967.0,5
Kiran,1405.0,9
Kiran,3554.0,4
Amit,2248.0,9
Amit,3395.0,6
Neha,,7
Ravi,2228.0,8
Kiran,1633.0,10
Ravi,4381.0,10
Ravi,5350.0,1
Kiran,1659.0,9
Amit,3051.0,2
Kiran,4422.0,3
Ravi,2124.0,1
Neha,5553.0,10
Kiran,1884.0,11
Neha,1697.0,3
Amit,5425.0,2
Amit,1715.0,7
Neha,4990.0,7
Neha,1242.0,6
Kiran,5275.0,10
Amit,3228.0,11
Neha,4006.0,4
Sneha,5847.0,3
Kiran,2340.0,7
Kiran,2744.0,11
Sneha,3679.0,3
Amit,2461.0,9
Neha,5445.0,10
Neha,5615.0,8
Amit,1387.0,7
Sneha,2442.0,2
Sneha,1801.0,10
Sneha,1607.0,3
Kiran,5440.0,8
Neha,2918.0,11
Ravi,4110.0,3
Kiran,1366.0,8
Kiran,5477.0,4
Neha,5042.0,5
Amit,1985.0,9
Neha,2125.0,11
Amit,1491.0,10
Neha,5974.0,2
Kiran,4645.0,3
Sneha,5225.0,1
Kiran,5071.0,8
Kiran,3027.0,11
Ravi,1021.0,9
Kiran,1028.0,10
Kiran,3498.0,9
Kiran,4564.0,3
Ravi,5748.0,5
Amit,5929.0,9
Ravi,2454.0,5
Sneha,3283.0,1
Amit,,1
Ravi,3130.0,4
Sneha,3413.0,7
Sneha,5861.0,7
Neha,5836.0,7
Neha,5496.0,6
Kiran,2476.0,1
Amit,1936.0,11
Ravi,1235.0,3
Kiran,1035.0,5
Amit,5735.0,4
Neha,1339.0,11
Ravi,5028.0,4
Sneha,4526.0,9
Sneha,2503.0,7
Kiran,4125.0,9
Kiran,4684.0,7
Ravi,,10
Sneha,5516.0,3
Kiran,1706.0,11
Sneha,5848.0,10
Neha,5345.0,4
Kiran,3341.0,9
Amit,5303.0,1
Kiran,2125.0,3
Neha,2600.0,11
Ravi,5531.0,4
Sneha,1239.0,4
Ravi,2148.0,7
Kiran,5614.0,11
Amit,4909.0,4
Ravi,,10
Amit,3105.0,8
Kiran,3204.0,1
Amit,4669.0,3
Amit,5632.0,10
Neha,3163.0,10
Ravi,4606.0,6
Kiran,5462.0,3
Neha,4566.0,8
Amit,4618.0,7
Neha,3934.0,5
Neha,4109.0,2
Amit,1465.0,11
Kiran,3035.0,5
Sneha,3895.0,9
Neha,3786.0,11
Ravi,3921.0,5
Amit,1811.0,3
Sneha,1399.0,7
Neha,2076.0,3
Amit,3820.0,8
Amit,2863.0,5
Neha,4280.0,5
Ravi,1886.0,6
Amit,3567.0,11
Amit,,10
Neha,2674.0,6
Sneha,3750.0,3
Amit,2985.0,11
Amit,2692.0,7
Neha,,9
Amit,4768.0,1
Neha,1658.0,4
Ravi,4257.0,4
Neha,5055.0,1
Sneha,2511.0,6
Amit,2069.0,2
Ravi,2386.0,11
Amit,3615.0,11
Amit,1772.0,6
Neha,3575.0,1
Amit,3197.0,10
Ravi,5716.0,5
Kiran,2998.0,6
Amit,3083.0,10
Neha,3429.0,2
Sneha,1772.0,1
Amit,,7
Neha,2164.0,1
Amit,4638.0,7
Kiran,5883.0,1
Kiran,5432.0,9
Ravi,4694.0,5
Kiran,4351.0,6
Neha,3380.0,7
Kiran,1773.0,1
Neha,1724.0,8
Amit,2219.0,6
Ravi,5727.0,2
Ravi,1706.0,1
Kiran,,1
Sneha,3736.0,4
Kiran,5538.0,3
Sneha,1611.0,11
Kiran,2732.0,6
Neha,2653.0,10
Neha,1902.0,8
Sneha,5047.0,1
Ravi,4197.0,7
Sneha,,8
Amit,4532.0,5
Ravi,1171.0,8
Sneha,5406.0,11
Amit,3400.0,1
Amit,5956.0,2
Kiran,4964.0,4
Sneha,2375.0,1
Neha,2597.0,5
Kiran,1996.0,10
Ravi,4297.0,3
Neha,1746.0,2
Amit,2810.0,7
Ravi,1743.0,2
Kiran,4321.0,9
Amit,2494.0,6
Amit,4521.0,8
Amit,4423.0,3
Neha,4156.0,5
Kiran,3724.0,3
Kiran,3001.0,9
Neha,5269.0,1
Kiran,2929.0,8
Amit,5241.0,6
Amit,5858.0,7
Amit,4523.0,2
Kiran,3369.0,7
Sneha,2172.0,1
Ravi,,7
Sneha,3960.0,11
Neha,2665.0,8
Sneha,3723.0,2
Sneha,4201.0,10
Neha,1683.0,2
Sneha,4909.0,3
Ravi,2510.0,10
Kiran,3264.0,4
Neha,,8
Sneha,,3
Amit,3960.0,6
Amit,2657.0,10
Neha,4267.0,11
Amit,2274.0,8
Ravi,4519.0,10
Sneha,3016.0,2
Ravi,1918.0,4
Ravi,1952.0,1
Kiran,4025.0,11
Sneha,1155.0,8
Neha,5416.0,1
Amit,1301.0,9
Kiran,1195.0,6
Ravi,2438.0,3
Amit,1733.0,8
Sneha,5942.0,2
Ravi,4045.0,11
Ravi,2452.0,3
Sneha,5710.0,7
Neha,2289.0,11
Kiran,4248.0,1
Sneha,2376.0,9
Amit,5280.0,10
Amit,4974.0,9
Ravi,5595.0,3
Kiran,4265.0,4
Neha,2000.0,2
Neha,3043.0,10
Amit,2045.0,11
Neha,4406.0,1
Amit,5894.0,11
Kiran,2079.0,8
Ravi,5400.0,11
Amit,2558.0,9
Kiran,3137.0,9
Amit,3928.0,10
Sneha,2835.0,5
Amit,5401.0,5
Kiran,4820.0,5
Neha,,6
Amit,3044.0,4
Ravi,1441.0,2
Kiran,4955.0,2
Neha,2469.0,6
Kiran,2963.0,5
Amit,4449.0,4
Sneha,4568.0,6
Sneha,3895.0,4
Ravi,4936.0,10
Ravi,,4
Neha,4864.0,6
Sneha,,11
Amit,1745.0,4
Kiran,1557.0,9
Kiran,4801.0,7
Sneha,5726.0,6
Sneha,2852.0,3
Kiran,3420.0,11
Neha,3357.0,4
Kiran,4865.0,2
Ravi,,3
Amit,2884.0,11
Sneha,5298.0,1
Sneha,4844.0,9
Neha,5129.0,10
Ravi,1018.0,3
Kiran,5968.0,8
Ravi,1672.0,4
Ravi,2139.0,11
Neha,1208.0,8
Neha,1161.0,7
Kiran,4362.0,4
Kiran,5415.0,7
Amit,5558.0,8
Ravi,2583.0,10
Kiran,2986.0,3
Neha,,5
Amit,1052.0,11
Amit,3666.0,3
Neha,5706.0,7
Kiran,2745.0,6
Neha,1964.0,1
Kiran,5319.0,10
Neha,4711.0,5
Neha,5933.0,4
Sneha,2150.0,2
Kiran,3560.0,1
Ravi,3178.0,7
Sneha,3756.0,7
Sneha,2068.0,6
Sneha,2830.0,5
Sneha,5284.0,9
Ravi,5340.0,2
Sneha,1923.0,11
Ravi,2551.0,11
Ravi,3983.0,3
Sneha,3045.0,9
Amit,3982.0,2
Ravi,5415.0,3
Sneha,2598.0,6
Neha,3322.0,10
Neha,5859.0,7
Kiran,3022.0,2
Ravi,2318.0,8
Ravi,4476.0,9
Neha,,1
Ravi,5298.0,6
Ravi,2558.0,4
Neha,4799.0,10
Sneha,2070.0,11
Neha,,10
Amit,1105.0,5
Neha,4754.0,6
Neha,5036.0,6
Sneha,2848.0,7
Neha,4149.0,9
Neha,2578.0,4
Sneha,3573.0,9
Neha,1984.0,1
Sneha,3061.0,9
Amit,5630.0,8
Sneha,5648.0,2
Ravi,2500.0,7
Ravi,1127.0,7
Sneha,2758.0,2
Neha,5919.0,8
Kiran,3270.0,6
Kiran,2615.0,6
Amit,3445.0,11
Amit,1099.0,5
Kiran,2507.0,11
Kiran,4476.0,8
Sneha,4258.0,10
Kiran,5375.0,9
Ravi,1376.0,5
Amit,4475.0,1
Amit,1236.0,11
Ravi,5754.0,6
Amit,5164.0,1
Kiran,2981.0,5
Amit,2200.0,6
Ravi,1617.0,3
Amit,2954.0,1
Kiran,1818.0,2
Sneha,1053.0,11
Kiran,4030.0,3
Amit,5812.0,3
Neha,5488.0,2
Amit,4104.0,6
Amit,1191.0,7
Ravi,2719.0,5
Neha,1831.0,7
Ravi,4473.0,3
Ravi,3099.0,11
Kiran,4361.0,5
Sneha,3586.0,3
Amit,3326.0,4
Neha,1451.0,6
Amit,5430.0,4
Ravi,1765.0,4
Sneha,3554.0,7
Ravi,1482.0,6
Amit,3408.0,1
Kiran,5649.0,8
Amit,1076.0,1
Ravi,,9
Neha,3336.0,4
Neha,2461.0,7
Neha,4249.0,5
Neha,,10
Neha,3591.0,3
Sneha,2884.0,8
Sneha,1199.0,10
Kiran,3468.0,2
Neha,2098.0,11
Ravi,4495.0,10
Ravi,5207.0,3
Amit,4966.0,5
Neha,,5
Ravi,1297.0,5
Kiran,3309.0,7
Ravi,3773.0,8
Kiran,4846.0,8
Neha,1318.0,11
Amit,1272.0,3
Amit,2368.0,8
Sneha,3451.0,10
Neha,4312.0,2
Ravi,2659.0,4
Amit,1443.0,2
Kiran,1609.0,5
Kiran,2093.0,3
Ravi,4785.0,10
Ravi,3858.0,10
Neha,,11
Ravi,3872.0,3
Ravi,1943.0,5
Ravi,2458.0,4
Amit,2365.0,6
Neha,3139.0,5
Ravi,1289.0,10
Ravi,4345.0,5
Kiran,5687.0,3
Amit,3631.0,4
Ravi,5644.0,3
Amit,5654.0,3
Neha,1224.0,10
Neha,4651.0,9
Sneha,3819.0,10
Kiran,2522.0,6
Sneha,2655.0,10
Amit,4629.0,2
Kiran,5773.0,1
Ravi,,3
Kiran,,3
Kiran,5464.0,4
Neha,1737.0,4
Sneha,1146.0,5
Neha,3398.0,4
Neha,5895.0,2
Sneha,4478.0,11
Neha,2034.0,1
Kiran,3282.0,10
Amit,5620.0,7
Ravi,2728.0,9
Ravi,4001.0,9
Neha,1386.0,11
Sneha,3321.0,1
Kiran,5020.0,9
Neha,5940.0,1
Kiran,3375.0,1
Kiran,1514.0,2
Ravi,1027.0,10
Amit,1665.0,11
Amit,3188.0,11
Sneha,4985.0,6
Amit,2541.0,9
Neha,2756.0,5
Ravi,5124.0,9
Ravi,4833.0,9
Kiran,3632.0,8
Neha,1308.0,11
Neha,4470.0,7
Kiran,5230.0,3
Kiran,3834.0,10
Ravi,4365.0,3
Neha,2994.0,4
Amit,1704.0,9
Amit,,3
Ravi,1547.0,8
Amit,1110.0,8
Amit,,6
Neha,4672.0,2
Neha,1563.0,6
Sneha,4184.0,4
Neha,2588.0,7
Sneha,1466.0,11
Neha,1177.0,1
Kiran,4199.0,3
Neha,5081.0,8
Sneha,3928.0,1
Amit,1895.0,10
Neha,2483.0,3
Amit,5121.0,3
Amit,2209.0,8
Neha,1427.0,1
Neha,2528.0,10
Kiran,3795.0,5
Sneha,,7
Neha,2907.0,4
Amit,3620.0,10
Amit,3574.0,3
Neha,1087.0,10
Sneha,4568.0,6
Amit,1393.0,5
Kiran,1756.0,2
Amit,5314.0,6
Sneha,2445.0,11
Ravi,1783.0,3
Kiran,5642.0,9
Kiran,3074.0,3
Ravi,1491.0,9
Kiran,4990.0,6
Kiran,4469.0,8
Kiran,2049.0,9
Amit,1199.0,8
Amit,1371.0,11
Neha,5187.0,2
Neha,1399.0,3
Amit,1460.0,8
Kiran,3605.0,5
Sneha,4247.0,10
Ravi,5669.0,4
Neha,2294.0,6
Kiran,3760.0,6
Neha,3392.0,7
Sneha,4660.0,5
Kiran,2199.0,1
Amit,1470.0,8
Sneha,5935.0,1
Neha,2965.0,4
Kiran,3586.0,3
Kiran,,3
Ravi,2730.0,6
Ravi,2174.0,8
Ravi,3675.0,5
Amit,,6
Kiran,3730.0,6
Kiran,2692.0,1
Neha,3623.0,7
Amit,5339.0,1
Ravi,3416.0,7
Kiran,1627.0,8
Ravi,3306.0,4
Sneha,,8
Amit,2132.0,6
Ravi,4956.0,6
Amit,2645.0,11
Kiran,,11
Sneha,5274.0,9
Neha,4218.0,6
Sneha,3086.0,11
Amit,5488.0,5
Sneha,5688.0,10
Kiran,,10
Amit,1931.0,6
Amit,5217.0,8
Kiran,1337.0,9
Ravi,3732.0,10
Neha,3183.0,10
Sneha,,11
Neha,2059.0,8
Neha,4449.0,8
Kiran,3417.0,7
Ravi,,1
Neha,2153.0,4
Amit,,4
Ravi,5345.0,3
Kiran,2807.0,4
Neha,1587.0,2
Kiran,5453.0,3
Sneha,1487.0,3
Kiran,2709.0,10
Amit,5007.0,1
Kiran,5628.0,7
Ravi,4031.0,4
Sneha,5303.0,8
Amit,2891.0,9
Sneha,5381.0,2
Amit,2812.0,2
Sneha,1938.0,2
Neha,2871.0,8
Kiran,3032.0,2
Ravi,3872.0,6
Ravi,1883.0,5
Neha,3009.0,10
Sneha,4637.0,9
Kiran,,2
Neha,5922.0,1
Sneha,4864.0,2
Kiran,1061.0,10
Sneha,3137.0,5
Ravi,3018.0,8
Kiran,4150.0,8
Ravi,4812.0,2
Ravi,1070.0,5
Kiran,5781.0,2
Neha,3672.0,7
Sneha,2596.0,10
Kiran,2255.0,8
Ravi,3514.0,5
Sneha,2022.0,11
Kiran,,1
Neha,5370.0,7
Kiran,4177.0,3
Kiran,1233.0,2
Amit,2188.0,6
Sneha,5981.0,2
Kiran,,10
Ravi,5806.0,8
Ravi,1849.0,3
Amit,,2
Ravi,2651.0,8
Kiran,2872.0,6
Sneha,3302.0,4
Amit,1692.0,5
Amit,1008.0,10
Neha,3083.0,7
Neha,5898.0,4
Sneha,2162.0,11
Sneha,2704.0,7
Amit,4380.0,6
Kiran,1140.0,5
Kiran,4433.0,3
Neha,,1
Sneha,1659.0,8
Sneha,5409.0,11
Kiran,5662.0,7
Neha,4438.0,6
Kiran,3749.0,4
Kiran,1402.0,5
Amit,1852.0,5
Sneha,3709.0,2
Amit,4869.0,6
Amit,4179.0,11
Kiran,1783.0,5
Neha,,1
Kiran,2787.0,9
Neha,3904.0,7
Sneha,5672.0,11
Ravi,1782.0,2
Sneha,4749.0,6
Kiran,2339.0,1
Neha,4797.0,2
Ravi,,7
Neha,1692.0,3
Neha,,7
Ravi,4917.0,6
Ravi,,5
Sneha,1184.0,10
Amit,2204.0,9
Ravi,3145.0,10
Amit,2704.0,5
Amit,5432.0,5
Amit,4253.0,8
Amit,1403.0,7
Ravi,1236.0,1
Neha,1606.0,10
Ravi,1223.0,2
Ravi,5011.0,4
Kiran,1623.0,9
Kiran,4335.0,7
Sneha,2834.0,2
Amit,3110.0,11
Amit,2253.0,8
Kiran,1239.0,1
Neha,4842.0,8
Sneha,2574.0,5
Neha,5703.0,1
Kiran,3433.0,3
Neha,2165.0,11
Amit,5668.0,7
Kiran,1977.0,7
Neha,1960.0,8
Sneha,4179.0,11
Sneha,3335.0,11
Ravi,5087.0,4
Kiran,4425.0,6
Kiran,4285.0,7
Kiran,1887.0,8
Amit,1694.0,3
Amit,1181.0,5
Kiran,2189.0,8
Neha,4168.0,6
Amit,4075.0,1
Kiran,2513.0,2
Amit,4277.0,3
Ravi,3443.0,7
Sneha,5394.0,10
Ravi,2190.0,3
Kiran,4736.0,9
Sneha,4977.0,9
Neha,,11
Kiran,5079.0,8
Neha,3188.0,9
Neha,4375.0,8
Amit,3798.0,9
Amit,2235.0,4
Sneha,2653.0,4
Sneha,1010.0,5
Amit,4572.0,7
Sneha,5167.0,9
Ravi,4703.0,4
Kiran,3308.0,7
Ravi,5324.0,6
Kiran,1778.0,9
Amit,5476.0,9
Ravi,3380.0,9
Neha,1926.0,5
Ravi,4641.0,3
Sneha,3465.0,6
Ravi,1165.0,2
Amit,3898.0,7
Amit,4268.0,7
Sneha,5335.0,2
Kiran,,6
Sneha,5090.0,4
Kiran,3118.0,7
Amit,2799.0,8
Amit,5115.0,10
Kiran,3286.0,11
Ravi,4445.0,1
Ravi,4387.0,5
Sneha,3118.0,9
Amit,1198.0,2
Ravi,4334.0,4
Amit,3892.0,8
Sneha,1194.0,5
Neha,1132.0,8
Amit,2094.0,10
Neha,1767.0,10
Amit,4769.0,1
Kiran,3794.0,7
Neha,2469.0,6
Kiran,3419.0,2
Kiran,1230.0,7
Sneha,5851.0,3
Sneha,4645.0,4
Ravi,4400.0,11
Neha,4285.0,6
Ravi,3231.0,3
Neha,3403.0,1
Sneha,5661.0,10
Sneha,2619.0,1
Sneha,,6
Neha,4249.0,4
Sneha,5547.0,7
Ravi,1487.0,9
Kiran,2691.0,8
Neha,4321.0,3
Kiran,,7
Ravi,5303.0,1
Amit,2268.0,2
Sneha,1679.0,9
Ravi,3262.0,10
Amit,2108.0,8
Neha,4107.0,7
Ravi,3863.0,11
Neha,5165.0,10
Kiran,3242.0,2
Kiran,3345.0,2
Neha,1557.0,7
Kiran,4348.0,7
Kiran,2656.0,6
Sneha,1967.0,10
Neha,1292.0,5
Neha,5699.0,6
Amit,5422.0,9
Sneha,2176.0,4
Ravi,1676.0,10
Sneha,4284.0,1
Ravi,1181.0,9
Neha,1361.0,8
Sneha,3472.0,11
Amit,1610.0,2
Kiran,1330.0,4
Ravi,2250.0,3
Kiran,,3
Neha,2856.0,6
Neha,1813.0,7
Neha,1493.0,8
Kiran,2830.0,7
Neha,1471.0,9
Neha,2381.0,2
Kiran,5437.0,10
Neha,3203.0,4
Ravi,,2
Sneha,4265.0,11
Ravi,3633.0,3
Neha,4331.0,10
Neha,4302.0,1
Neha,5322.0,8
Neha,4294.0,5
Kiran,2040.0,5
Sneha,4869.0,8
Kiran,2990.0,11
Kiran,3766.0,9
Neha,3506.0,9
Ravi,,10
Ravi,1612.0,9
Amit,3584.0,2
Sneha,2799.0,7
Amit,,7
Kiran,5336.0,4
Amit,5072.0,5
Amit,5912.0,6
Amit,1102.0,7
Sneha,1665.0,2
Ravi,4115.0,10
Ravi,2591.0,2
Amit,3369.0,2
Sneha,5509.0,5
Ravi,1928.0,6
Neha,5037.0,11
Ravi,5130.0,6
Ravi,2851.0,3
Sneha,1445.0,4
Sneha,5276.0,7
Ravi,2855.0,7
Neha,,6
Neha,1717.0,1
Amit,1969.0,10
Amit,5408.0,6
Ravi,5102.0,1
Ravi,3596.0,11
Ravi,1638.0,5
Neha,5554.0,6
Kiran,2765.0,7
Amit,3619.0,8
Amit,4552.0,9
Kiran,3116.0,6
Ravi,1120.0,11
Amit,1848.0,7
Neha,1875.0,4
Kiran,3995.0,10
Neha,4058.0,7
Ravi,4317.0,10
Amit,4652.0,1
Neha,2865.0,3
Kiran,2321.0,1
Ravi,2739.0,11
Amit,5021.0,8
Amit,,3
Ravi,3676.0,7
Ravi,4677.0,2
Ravi,3662.0,5
Neha,2372.0,3
Sneha,1275.0,10
Amit,3678.0,3
Neha,4137.0,5
Kiran,1069.0,8
Amit,3775.0,2
Sneha,5405.0,11
Kiran,3195.0,4
Amit,1578.0,4
Sneha,,11
Ravi,3249.0,5
Sneha,,6
Amit,4199.0,9
Sneha,2175.0,5
Amit,,10
Amit,1230.0,8
Sneha,2946.0,5
Sneha,4985.0,3
Kiran,2205.0,6
Kiran,1846.0,4
Neha,4789.0,5
Amit,1427.0,8
Kiran,,11
Neha,2428.0,11
Amit,1478.0,4
Neha,2955.0,7
Kiran,2057.0,3
Neha,5846.0,4
Sneha,,8
Neha,3915.0,8
Ravi,4532.0,9
Ravi,1514.0,4
Neha,4490.0,10
Ravi,5428.0,4
Neha,2440.0,5
Neha,1533.0,5
Neha,3053.0,3
Ravi,4927.0,1
Amit,5400.0,10
Neha,3912.0,1
Neha,4269.0,8
Sneha,2278.0,4
Sneha,1867.0,11
Kiran,3886.0,10
Ravi,3054.0,11
Amit,5238.0,2
Neha,5471.0,6
Neha,2707.0,9
Ravi,3157.0,5
Kiran,3258.0,3
Kiran,,4
Sneha,2434.0,2
Ravi,3050.0,7
Kiran,2822.0,4
Kiran,3791.0,4
Amit,3814.0,8
Sneha,2135.0,10
Sneha,2977.0,5
Sneha,2257.0,3
Kiran,3235.0,6
Neha,4014.0,8
Kiran,5984.0,10
Kiran,,1
Ravi,3370.0,9
Sneha,1207.0,4
Sneha,4979.0,5
Amit,2114.0,10
Sneha,5161.0,3
Kiran,2023.0,9
Ravi,3525.0,6
Amit,2465.0,1
Kiran,1370.0,9
Kiran,3721.0,11
Amit,3702.0,5
Kiran,,3
Kiran,3287.0,4
Ravi,,5
Ravi,2842.0,1
Ravi,,10
Sneha,1325.0,3
Amit,5526.0,7
Ravi,5450.0,9
Kiran,2679.0,6
Sneha,2520.0,4
Amit,5389.0,4
Ravi,3843.0,9
Ravi,3672.0,1
Amit,2281.0,6
Ravi,5477.0,4
Amit,1225.0,3
Amit,1903.0,11
Kiran,5767.0,1
Amit,1607.0,5
Neha,,4
Ravi,5278.0,10
Kiran,4572.0,4
Sneha,1442.0,8
Neha,3656.0,11
Amit,5363.0,11
Sneha,4607.0,2
Sneha,3978.0,11
Sneha,1801.0,10
Sneha,3513.0,11
Kiran,1993.0,10
Kiran,3180.0,4
Sneha,1925.0,11
Neha,3026.0,1
Ravi,2775.0,2
Ravi,5971.0,10
Kiran,3151.0,10
Neha,5778.0,3
Neha,4027.0,1
Amit,4257.0,2
Kiran,3114.0,7
Neha,3183.0,10
Neha,5153.0,10
Ravi,1790.0,6
Neha,1694.0,2
Neha,2684.0,1
Sneha,4908.0,10
Ravi,3947.0,9
Ravi,5562.0,1
Sneha,2024.0,10
Ravi,2466.0,5
Amit,1027.0,9
Amit,1772.0,9
Kiran,5315.0,6
Ravi,4804.0,3
Ravi,2878.0,2
Amit,2194.0,3
Kiran,2437.0,1
Kiran,2616.0,3
Amit,3467.0,2
Amit,4859.0,8
Sneha,4188.0,10
Kiran,2999.0,7
Kiran,,1
Sneha,3509.0,1
Amit,2003.0,5
Sneha,1149.0,4
Sneha,2902.0,8
Neha,3241.0,8
Kiran,4305.0,3
Amit,2741.0,5
Neha,5258.0,7
Neha,,8
Neha,5649.0,3
Amit,5417.0,8
Sneha,1380.0,10
Amit,3811.0,9
Kiran,2814.0,3
Kiran,1701.0,2
Sneha,2150.0,2
Amit,1581.0,5
Sneha,2546.0,10
Sneha,5035.0,1
Amit,,6
Kiran,1412.0,7
Amit,2797.0,5
Kiran,,11
Ravi,5445.0,8
Ravi,,6
Ravi,2486.0,1
Neha,2316.0,9
Kiran,4363.0,5
Kiran,,5
Amit,2296.0,1
Kiran,3192.0,5
Amit,2577.0,3
Neha,5616.0,10
Amit,2334.0,3
Ravi,3424.0,11
Amit,3825.0,10
Amit,4046.0,8
Amit,4266.0,9
Kiran,1511.0,6
Sneha,3369.0,3
Sneha,2500.0,8
Sneha,1856.0,3
Kiran,2951.0,7
Ravi,5028.0,2
Sneha,4317.0,6
Sneha,1587.0,8
Neha,1362.0,3
Neha,2673.0,9
Ravi,,11
Amit,2007.0,9
Amit,5669.0,3
Neha,5048.0,3
Neha,4334.0,5
Ravi,5397.0,9
Ravi,3597.0,1
Kiran,2882.0,1
Amit,4273.0,1
Kiran,5710.0,4
Sneha,5067.0,7
Ravi,4993.0,11
Amit,3610.0,2
Amit,5604.0,3
Kiran,1891.0,4
Neha,3847.0,1
Neha,2696.0,2
Ravi,5979.0,2
Neha,1816.0,11
Sneha,,6
Amit,2681.0,4
Neha,,7
Ravi,2337.0,11
Sneha,5550.0,8
Kiran,1249.0,2
Kiran,2697.0,2
Sneha,1659.0,5
Ravi,5771.0,4
Kiran,1689.0,10
Amit,,2
Amit,2700.0,9
Ravi,1224.0,9
Ravi,2760.0,10
Amit,4816.0,4
Ravi,1054.0,2
Sneha,1700.0,3
Ravi,1586.0,8
Amit,4372.0,11
Neha,5385.0,8
Ravi,2452.0,7
Kiran,1311.0,4
Sneha,3506.0,1
Sneha,2123.0,10
Sneha,1342.0,9
Kiran,5659.0,7
Kiran,,1
Sneha,4719.0,5
Sneha,4797.0,3
Sneha,2409.0,2
Ravi,,3
Kiran,2650.0,6
Amit,2711.0,7
Ravi,2583.0,10
Amit,1365.0,9
Ravi,2169.0,10
Ravi,1145.0,11
Amit,2067.0,7
Sneha,1972.0,1
Amit,2577.0,7
Neha,,1
Kiran,5154.0,8
Neha,5150.0,2
Ravi,2248.0,2
Amit,4787.0,1
Sneha,1133.0,9
Sneha,4646.0,11
Neha,,8
Neha,1210.0,9
Ravi,5338.0,8
Kiran,4282.0,4
Ravi,4316.0,9
Sneha,1814.0,8
Amit,4521.0,1
Neha,4450.0,10
Sneha,3132.0,5
Ravi,2449.0,9
Kiran,2696.0,8
Amit,2510.0,1
Kiran,2959.0,6
Ravi,3137.0,11
Ravi,4056.0,6
Sneha,5275.0,2
Amit,2229.0,11
Ravi,2555.0,2
Sneha,3563.0,1
Ravi,5212.0,6
Sneha,4419.0,9
Kiran,3449.0,8
Sneha,5395.0,5
Kiran,5765.0,8
Neha,5606.0,2
Ravi,4180.0,11
Neha,,6
Amit,2008.0,2
Neha,1540.0,8
Sneha,1212.0,2
Sneha,5071.0,5
Amit,4894.0,7
Amit,2394.0,7
Ravi,,4
Sneha,3577.0,8
Amit,2264.0,7
Neha,4474.0,10
Sneha,2013.0,5
Amit,1796.0,4
Ravi,2204.0,2
Kiran,4344.0,2
Sneha,,4
Sneha,4373.0,8
Sneha,1421.0,11
Sneha,3258.0,6
Kiran,1062.0,9
Kiran,5101.0,2
Ravi,5592.0,7
Sneha,4179.0,1
Amit,2547.0,2
Neha,2751.0,11
Sneha,1731.0,9
Kiran,1179.0,8
Ravi,1529.0,9
Sneha,2411.0,7
Ravi,3600.0,10
Amit,1336.0,11
Amit,3636.0,9
Amit,5854.0,4
Amit,2075.0,3
Neha,5737.0,4
Ravi,5817.0,5
Sneha,1211.0,10
Neha,2668.0,4
Sneha,2455.0,4
Kiran,5145.0,7
Neha,1441.0,4
Neha,1551.0,4
Kiran,1452.0,9
Neha,4217.0,9
Ravi,1655.0,5
Amit,5343.0,9
Sneha,1668.0,11
Kiran,3438.0,2
Amit,3001.0,5
Neha,5377.0,11
Ravi,4623.0,7
Neha,5241.0,8
Kiran,3511.0,5
Neha,,9
Ravi,2394.0,11
Neha,2556.0,3
Neha,4415.0,8
Neha,4390.0,11
Neha,,9
Ravi,5364.0,7
Sneha,4027.0,5
Amit,1912.0,9
Kiran,5098.0,11
Sneha,1972.0,8
Ravi,1117.0,8
Kiran,4848.0,6
Kiran,1437.0,2
Neha,4288.0,4
Amit,2585.0,1
Amit,5313.0,10
Ravi,5667.0,5
Sneha,2596.0,10
Neha,3126.0,1
Amit,4191.0,6
Neha,4940.0,10
Sneha,2343.0,8
Kiran,2663.0,10
Sneha,4279.0,1
Kiran,4744.0,6
Sneha,3645.0,4
Neha,4076.0,9
Sneha,1669.0,8
Amit,3358.0,4
Amit,2941.0,11
Ravi,4152.0,11
Amit,5140.0,2
Amit,1453.0,6
Kiran,2008.0,3
Neha,5826.0,1
Neha,2223.0,11
Kiran,4280.0,7
Amit,1194.0,4
Sneha,2036.0,9
Kiran,2150.0,10
Neha,,10
Ravi,1732.0,11
Neha,,11
Sneha,4656.0,11
Neha,5217.0,3
Kiran,1786.0,10
Ravi,3603.0,10
Neha,5304.0,10
Kiran,5310.0,1
Kiran,2359.0,2
Kiran,3125.0,4
Ravi,2174.0,11
Kiran,,7
Ravi,1213.0,8
Sneha,5594.0,4
Sneha,5801.0,3
Sneha,1029.0,10
Kiran,3945.0,9
Ravi,4964.0,8
Sneha,1789.0,6
Amit,3254.0,9
Sneha,4740.0,8
Kiran,2003.0,7
Amit,3675.0,6
Neha,2250.0,10
Amit,2624.0,3
Neha,5407.0,11
Amit,3639.0,6
Ravi,4513.0,4
Amit,3704.0,5
Sneha,1085.0,7
Neha,5867.0,7
Neha,5501.0,9
Sneha,4115.0,9
Ravi,4673.0,6
Amit,5329.0,6
Ravi,5604.0,2
Sneha,2374.0,8
Amit,2464.0,3
Sneha,,1
Neha,4034.0,4
Neha,5117.0,5
Neha,3093.0,3
Kiran,3653.0,7
Kiran,3091.0,11
Neha,4252.0,5
Kiran,1297.0,11
Kiran,2131.0,10
Sneha,3985.0,5
Amit,1717.0,6
Neha,4984.0,11
Kiran,5732.0,11
Sneha,4185.0,6
Sneha,5143.0,9
Amit,2308.0,3
Sneha,5427.0,8
Ravi,5332.0,11
Ravi,1862.0,7
Neha,5812.0,9
Amit,3485.0,5
Ravi,2098.0,7
Amit,1571.0,8
Neha,2315.0,9
Sneha,1948.0,8
Sneha,5154.0,2
Sneha,5596.0,11
Ravi,1731.0,6
Amit,3844.0,4
Ravi,5578.0,4
Kiran,,9
Amit,5327.0,7
Neha,4930.0,6
Ravi,4236.0,2
Sneha,2384.0,1
Sneha,4282.0,10
Sneha,5074.0,4
Ravi,1555.0,9
Ravi,3471.0,4
Sneha,4205.0,2
Sneha,1203.0,8
Sneha,5786.0,6
Kiran,5880.0,1
Ravi,2588.0,4
Sneha,1453.0,10
Neha,4075.0,5
Sneha,2113.0,1
Ravi,2075.0,2
Neha,4525.0,9
Ravi,5768.0,1
Ravi,1480.0,11
Ravi,4205.0,8
Amit,4319.0,11
Neha,3934.0,9
Kiran,4795.0,2
Kiran,3444.0,2
Amit,,7
Ravi,3513.0,10
Kiran,2174.0,9
Neha,4062.0,10
Sneha,5655.0,9
Neha,2897.0,3
Ravi,3295.0,7
Neha,3747.0,6
Ravi,2356.0,8
Neha,2195.0,8
Amit,,8
Neha,3890.0,8
Kiran,2029.0,11
Sneha,1516.0,10
Amit,5583.0,6
Neha,1898.0,9
Ravi,5408.0,5
Amit,2672.0,4
Kiran,3772.0,7
Sneha,,3
Sneha,4043.0,8
Neha,1694.0,8
Kiran,5846.0,11
Kiran,1159.0,5
Sneha,4604.0,10
Sneha,5489.0,8
Kiran,1244.0,3
Sneha,4746.0,3
Ravi,5840.0,4
Sneha,3950.0,9
Ravi,1291.0,5
Sneha,1131.0,6
Amit,2415.0,4
Amit,4406.0,9
Amit,5374.0,4
Ravi,3190.0,3
Ravi,4929.0,2
Neha,4781.0,3
Neha,1393.0,1
Sneha,3557.0,11
Ravi,,8
Amit,4174.0,1
Amit,3085.0,6
Amit,1597.0,11
Sneha,3482.0,2
Ravi,3544.0,11
Sneha,2560.0,11
Kiran,5988.0,3
Kiran,4054.0,9
Neha,4198.0,9
Ravi,3353.0,6
Amit,5352.0,7
Ravi,,5
Neha,5683.0,7
Amit,3670.0,6
Sneha,,5
Amit,1849.0,3
Kiran,3998.0,2
Sneha,2331.0,5
Amit,2026.0,8
Sneha,4230.0,5
Kiran,1818.0,3
Kiran,2223.0,10
Ravi,2424.0,3
Kiran,5179.0,5
Kiran,,9
Kiran,4511.0,8
Neha,4534.0,7
Kiran,,5
Ravi,5271.0,9
Sneha,,2
Neha,5480.0,6
Sneha,,7
Sneha,,7
Ravi,2109.0,11
Neha,3904.0,4
Amit,4685.0,2
Kiran,3512.0,1
Sneha,,1
Sneha,4346.0,3
Ravi,4258.0,7
Ravi,2072.0,11
Ravi,5363.0,5
Neha,4218.0,7
Kiran,2040.0,9
Neha,4369.0,8
Ravi,3497.0,1
Ravi,,4
Sneha,4499.0,5
Neha,1347.0,7
Neha,4356.0,11
Kiran,4635.0,8
Neha,1377.0,8
Kiran,4452.0,4
Amit,,11
Kiran,1932.0,7
Ravi,2852.0,11
Amit,1764.0,2
Sneha,5841.0,9
Sneha,3267.0,6
Sneha,5153.0,4
Ravi,5783.0,6
Sneha,5210.0,7
Kiran,4318.0,10
Ravi,,8
Neha,,4
Ravi,4387.0,9
Ravi,2100.0,6
Neha,3351.0,1
Kiran,3959.0,3
Amit,2648.0,1
Neha,3782.0,6
Ravi,4656.0,6
Sneha,,7
Neha,1002.0,1
Neha,3105.0,1
Amit,1458.0,5
Ravi,5787.0,5
Sneha,1541.0,1
Sneha,4164.0,7
Amit,2821.0,7
Sneha,3387.0,6
Kiran,4443.0,7
Neha,,6
Neha,5352.0,10
Sneha,4981.0,2
Sneha,,5
Sneha,1376.0,7
Neha,2537.0,2
Sneha,1387.0,5
Kiran,1812.0,3
Kiran,1183.0,9
Neha,3364.0,10
Ravi,2471.0,1
Ravi,4743.0,7
Ravi,2784.0,10
Kiran,4300.0,4
Amit,3877.0,5
Ravi,3860.0,1
Amit,2823.0,5
Neha,,11
Kiran,5398.0,8
Ravi,5820.0,6
Kiran,3699.0,2
Neha,2089.0,2
Kiran,2493.0,11
Sneha,,9
Ravi,2354.0,1
Kiran,3057.0,2
Kiran,2428.0,8
Kiran,1643.0,6
Neha,5924.0,3
Ravi,5961.0,3
Ravi,1648.0,11
Sneha,1914.0,9
Sneha,4870.0,2
Kiran,5617.0,10
Ravi,3326.0,5
Ravi,1906.0,7
Kiran,3550.0,6
Amit,1993.0,1
Ravi,5592.0,10
Kiran,4559.0,3
Kiran,3371.0,5
Amit,2233.0,3
Sneha,2327.0,3
Kiran,4364.0,5
Ravi,5013.0,8
Sneha,4923.0,10
Sneha,3721.0,8
Sneha,3112.0,8
Kiran,2791.0,6
Ravi,1410.0,9
Amit,2655.0,5
Neha,5188.0,10
Neha,4590.0,7
Sneha,4979.0,1
Neha,2070.0,4
Neha,3673.0,1
Kiran,5552.0,10
Amit,1941.0,2
Neha,3658.0,6
Amit,3004.0,1
Neha,5973.0,9
Sneha,3755.0,6
Sneha,4484.0,8
Amit,4486.0,10
Amit,1661.0,10
Amit,3944.0,8
Amit,1306.0,2
Ravi,1857.0,2
Sneha,3942.0,3
Neha,1449.0,11
Ravi,3923.0,8
Amit,5869.0,11
Neha,3851.0,8
Sneha,3795.0,5
Amit,2231.0,2
Kiran,3776.0,11
Amit,1482.0,4
Neha,4069.0,4
Sneha,4428.0,7
Amit,2161.0,4
Sneha,2193.0,10
Ravi,5326.0,6
Kiran,2518.0,11
Ravi,,2
Kiran,1489.0,2
Ravi,2709.0,11
Sneha,2300.0,5
Sneha,5093.0,1
Ravi,4724.0,2
Neha,5988.0,3
Ravi,3720.0,9
Amit,2086.0,9
Neha,4205.0,7
Sneha,3168.0,5
Ravi,3860.0,2
Neha,2181.0,2
Amit,4531.0,8
Kiran,3460.0,3
Sneha,4579.0,7
Neha,5327.0,6
Neha,2602.0,6
Neha,3276.0,3
Ravi,5526.0,6
Sneha,1145.0,4
Sneha,3209.0,1
Ravi,,8
Ravi,,9
Ravi,1534.0,3
Amit,1181.0,11
Neha,4033.0,1
Amit,,1
Sneha,2068.0,1
Ravi,3891.0,9
Neha,5466.0,10
Kiran,1930.0,5
Neha,5515.0,3
Kiran,1964.0,10
Neha,4350.0,9
Ravi,4517.0,10
Kiran,4157.0,9
Kiran,3841.0,6
Sneha,3127.0,5
Neha,4899.0,1
Amit,2760.0,6
Amit,2480.0,5
Sneha,5803.0,9
Sneha,1977.0,7
Sneha,1961.0,3
Ravi,4428.0,5
Ravi,5968.0,6
Ravi,4900.0,11
Ravi,1081.0,2
Sneha,5666.0,7
Sneha,3860.0,9
Ravi,2657.0,10
Ravi,3550.0,9
Kiran,2072.0,5
Neha,2661.0,8
Kiran,3713.0,9
Neha,3457.0,6
Ravi,1825.0,4
Ravi,4085.0,4
Ravi,2869.0,3
Kiran,4852.0,9
Sneha,,10
Neha,1988.0,11
Kiran,1191.0,11
Ravi,2024.0,6
Sneha,5564.0,8
Kiran,5124.0,2
Neha,,4
Ravi,4114.0,2
Neha,4664.0,11
Ravi,3086.0,11
Ravi,,3
Amit,2712.0,2
Neha,5606.0,9
Sneha,1163.0,9
Ravi,5400.0,6
Sneha,,7
Kiran,,5
Ravi,1054.0,10
Ravi,1374.0,1
Ravi,1877.0,4
Sneha,3776.0,4
Amit,4730.0,8
Neha,,5
Ravi,3685.0,3
Neha,3709.0,1
Neha,4289.0,1
Neha,1040.0,5
Sneha,2655.0,8
Neha,1798.0,9
Kiran,1710.0,10
Sneha,5725.0,10
Sneha,1025.0,2
Kiran,5054.0,5
Amit,3115.0,4
Amit,3745.0,3
Ravi,3351.0,11
Amit,5574.0,8
Ravi,5201.0,2
Neha,3705.0,2
Ravi,2457.0,5
Amit,2074.0,10
Ravi,2236.0,10
Sneha,5698.0,10
Amit,5485.0,1
Ravi,4367.0,7
Amit,5525.0,9
Kiran,3065.0,2
Amit,5539.0,10
Kiran,4427.0,1
Ravi,2017.0,9
Kiran,3018.0,2
Amit,4424.0,9
Sneha,3426.0,8
Kiran,5488.0,7
Amit,5126.0,11
Sneha,5227.0,1
Neha,5497.0,4
Kiran,5219.0,11
Kiran,1920.0,11
Ravi,,7
Neha,5052.0,6
Ravi,5170.0,1
Ravi,,7
Amit,1111.0,2
Ravi,4783.0,8
Kiran,3225.0,2
Ravi,4092.0,4
Sneha,3253.0,6
Kiran,4594.0,8
Amit,4081.0,11
Ravi,2991.0,3
Sneha,4948.0,6
Sneha,4647.0,6
Kiran,3128.0,1
Ravi,2568.0,6
Sneha,4588.0,1
Ravi,3174.0,9
Kiran,5604.0,4
Neha,3423.0,5
Sneha,5630.0,1
Amit,5247.0,1
Ravi,5314.0,9
Kiran,5378.0,6
Kiran,5401.0,10
Amit,4756.0,10
Neha,5758.0,6
Ravi,2219.0,5
Neha,2450.0,6
Kiran,2588.0,8
Sneha,4985.0,7
Neha,5750.0,7
Sneha,4136.0,9
Amit,3221.0,9
Kiran,1397.0,9
Sneha,4738.0,1
Ravi,1744.0,11
Kiran,2454.0,11
Amit,3018.0,6
Ravi,5147.0,5
Kiran,4287.0,8
Neha,2826.0,11
Kiran,3668.0,10
Ravi,5980.0,8
Sneha,4612.0,8
Sneha,3323.0,5
Kiran,5784.0,10
Kiran,3632.0,11
Amit,2954.0,10
Neha,1362.0,1
Amit,1400.0,4
Amit,4655.0,7
Sneha,1795.0,2
Sneha,1563.0,7
Ravi,4156.0,5
Amit,3275.0,6
Ravi,3065.0,6
Kiran,1220.0,5
Ravi,3632.0,10
Sneha,3500.0,7
Amit,3017.0,4
Sneha,1626.0,1
Kiran,2665.0,9
Neha,4342.0,7
Amit,1903.0,9
Sneha,1064.0,11
Neha,2992.0,9
Kiran,2928.0,7
Neha,1950.0,2
Sneha,1439.0,11
Sneha,1897.0,2
Kiran,5677.0,4
Kiran,3080.0,9
Neha,1001.0,7
Neha,,9
Sneha,5010.0,4
Kiran,4054.0,9
Ravi,3764.0,7
Kiran,3634.0,8
Amit,5248.0,1
Amit,4433.0,9
Kiran,3418.0,8
Neha,2683.0,1
Amit,1563.0,8
Sneha,1258.0,5
Sneha,1965.0,3
Sneha,5742.0,8
Kiran,5286.0,11
Amit,5674.0,11
Neha,5932.0,3
Sneha,2842.0,8
Neha,,5
Sneha,,8
Kiran,3655.0,3
Sneha,4985.0,10
Kiran,5601.0,6
Amit,3030.0,6
Amit,4816.0,4
Neha,2870.0,5
Sneha,1378.0,7
Amit,3393.0,1
Ravi,3859.0,8
Ravi,1849.0,11
Neha,1780.0,3
Amit,4412.0,7
Kiran,1866.0,9
Ravi,4640.0,2
Amit,2931.0,10
Kiran,1539.0,10
Sneha,5030.0,7
Amit,2106.0,1
Sneha,2766.0,5
Ravi,2756.0,11
Sneha,,7
Ravi,4264.0,5
Neha,4736.0,5
Neha,4685.0,6
Ravi,5886.0,10
Kiran,5625.0,10
Neha,1897.0,11
Kiran,4596.0,11
Kiran,1276.0,6
Kiran,1403.0,10
Amit,3302.0,2
Amit,4049.0,10
Kiran,,11
Ravi,5259.0,10
Neha,3111.0,9
Sneha,1243.0,3
Amit,3351.0,1
Amit,1963.0,11
Sneha,,1
Kiran,3368.0,9
Sneha,2046.0,6
Kiran,2487.0,7
Amit,1965.0,2
Sneha,3666.0,11
Ravi,3012.0,1
Neha,5938.0,2
Neha,4408.0,3
Neha,1370.0,3
Sneha,2395.0,8
Kiran,1829.0,4
Amit,,1
Neha,3897.0,2
Sneha,5546.0,9
Neha,5623.0,2
Kiran,1183.0,9
Ravi,1376.0,5
Ravi,2830.0,4
Amit,4991.0,4
Ravi,1210.0,3
Ravi,5128.0,2
Sneha,3092.0,8
Sneha,1886.0,6
Amit,,9
Amit,,2
Sneha,1995.0,1
Ravi,3490.0,8
Kiran,3662.0,8
Ravi,4516.0,5
Ravi,5063.0,2
Kiran,5334.0,10
Amit,2355.0,5
Sneha,3820.0,8
Amit,5399.0,4
Amit,2927.0,2
Amit,1229.0,3
Sneha,4212.0,3
Amit,4911.0,9
Amit,5150.0,3
Neha,3640.0,1
Ravi,2295.0,7
Neha,5226.0,1
Sneha,2549.0,6
Kiran,1517.0,10
Kiran,4489.0,4
Neha,4056.0,7
Neha,5608.0,7
Neha,4010.0,7
Ravi,2981.0,6
Sneha,,7
Amit,3251.0,8
Neha,3903.0,3
Ravi,3982.0,5
Kiran,1136.0,10
Kiran,4876.0,11
Kiran,2053.0,9
Neha,2375.0,8
Kiran,,6
Kiran,2352.0,9
Kiran,4930.0,10
Amit,2394.0,5
Kiran,1371.0,2
Ravi,5734.0,9
Neha,2660.0,5
Amit,1922.0,8
Amit,4444.0,8
Neha,,4
Kiran,4943.0,4
Kiran,3487.0,1
Sneha,1602.0,5
Kiran,3066.0,9
Ravi,1219.0,5
Kiran,5608.0,5
Neha,,6
Kiran,1209.0,6
Neha,2837.0,8
Amit,4207.0,1
Sneha,1211.0,5
Amit,4739.0,9
Neha,4624.0,3
Sneha,1273.0,11
Amit,2727.0,7
Kiran,4580.0,7
Kiran,3782.0,10
Sneha,1502.0,3
Amit,4826.0,7
Ravi,4945.0,3
Ravi,2874.0,6
Ravi,2110.0,8
Amit,3228.0,8
Amit,4065.0,6
Amit,4152.0,2
Neha,2350.0,1
Ravi,5851.0,3
Ravi,1009.0,3
Ravi,4500.0,7
Neha,5288.0,4
Neha,2114.0,2
Amit,4492.0,2
Ravi,4477.0,7
Ravi,5588.0,8
Kiran,1677.0,11
Kiran,3773.0,5
Kiran,2384.0,2
Neha,,3
Amit,,1
Sneha,2641.0,10
Ravi,2855.0,4
Kiran,,7
Ravi,2070.0,10
Ravi,5277.0,9
Ravi,2596.0,3
Amit,4828.0,4
Ravi,5322.0,6
Amit,4104.0,1
Sneha,1347.0,5
Sneha,3223.0,10
Neha,1829.0,5
Ravi,2630.0,10
Kiran,4202.0,9
Neha,2687.0,9
Neha,5348.0,1
Sneha,,3
Kiran,2445.0,4
Ravi,,1
Ravi,4429.0,9
Sneha,4907.0,2
Amit,1624.0,5
Sneha,1158.0,3
Kiran,1569.0,4
Amit,5055.0,4
Kiran,4617.0,11
Ravi,4905.0,2
Amit,5105.0,11
Kiran,5605.0,2
Ravi,5640.0,8
Kiran,3637.0,2
Amit,3040.0,10
Ravi,3861.0,7
Kiran,5191.0,1
Neha,2301.0,1
Amit,3970.0,10
Amit,,3
Amit,5213.0,3
Ravi,2480.0,11
Amit,5456.0,9
Kiran,4955.0,2
Neha,3373.0,4
Kiran,,3
Kiran,1074.0,7
Amit,4904.0,6
Neha,2443.0,9
Neha,4990.0,8
Neha,5903.0,2
Neha,4895.0,3
Sneha,4814.0,1
Neha,2287.0,8
Amit,1551.0,2
Neha,3452.0,4
Kiran,3152.0,2
Sneha,4512.0,2
Kiran,2888.0,3
Amit,3191.0,10
Amit,3762.0,5
Neha,5303.0,8
Amit,3594.0,10
Sneha,1824.0,2
Kiran,2107.0,5
Amit,3220.0,11
Amit,4770.0,4
Sneha,1362.0,3
Ravi,5138.0,10
Ravi,2764.0,6
Sneha,5596.0,9
Amit,5228.0,8
Sneha,3958.0,2
Sneha,3473.0,1
Ravi,2077.0,8
Neha,2421.0,5
Amit,1464.0,2
Kiran,2379.0,10
Sneha,3241.0,1
Ravi,5090.0,11
Neha,3435.0,8
Amit,5753.0,8
Sneha,2796.0,6
Ravi,4897.0,5
Sneha,1795.0,5
Kiran,4068.0,6
Amit,4288.0,5
Amit,2300.0,2
Amit,5204.0,7
Amit,5352.0,4
Ravi,3438.0,7
Kiran,1725.0,1
Sneha,2233.0,6
Ravi,4083.0,2
Neha,4218.0,3
Amit,4107.0,3
Amit,2591.0,10
Sneha,1540.0,1
Amit,1109.0,5
Amit,3072.0,8
Sneha,2697.0,8
Kiran,5595.0,10
Ravi,4038.0,11
Kiran,3420.0,7
Sneha,,7
Amit,,8
Amit,4695.0,8
Kiran,4597.0,5
Neha,1071.0,7
Ravi,2955.0,2
Amit,1492.0,4
Sneha,1474.0,6
Kiran,5082.0,11
Ravi,,10
Neha,1469.0,3
Amit,2461.0,2
Kiran,5310.0,1
Amit,,4
Kiran,,2
Neha,4501.0,3
Sneha,2440.0,10
Sneha,2029.0,11
Ravi,1844.0,11
Amit,1872.0,11
Amit,3898.0,6
Amit,1723.0,10
Sneha,3831.0,3
Ravi,4401.0,3
Sneha,4312.0,4
Kiran,3875.0,3
Amit,3004.0,6
Kiran,3052.0,9
Neha,2738.0,8
Kiran,5136.0,2
Kiran,3625.0,3
Kiran,2287.0,8
Sneha,1577.0,3
Kiran,1788.0,5
Amit,2568.0,11
Ravi,2889.0,9
Neha,1164.0,2
Amit,1402.0,9
Ravi,3533.0,10
Amit,,5
Kiran,1673.0,9
Neha,3885.0,4
Amit,4154.0,8
Neha,1265.0,8
Sneha,2066.0,3
Sneha,4455.0,5
Kiran,1207.0,10
Kiran,5206.0,1
Sneha,,6
Amit,1408.0,9
Ravi,5936.0,1
Ravi,2660.0,2
Sneha,3757.0,7
Ravi,1279.0,6
Amit,2890.0,10
Ravi,,11
Ravi,5527.0,3
Sneha,4865.0,2
Neha,3599.0,7
Neha,1324.0,10
Amit,5014.0,10
Neha,5061.0,5
Kiran,3423.0,6
Sneha,5970.0,9
Neha,2805.0,7
Ravi,5644.0,4
Neha,2445.0,11
Sneha,5472.0,9
Ravi,3157.0,3
Ravi,2779.0,4
Sneha,3539.0,10
Amit,4295.0,3
Amit,3597.0,10
Sneha,2729.0,11
Sneha,4669.0,3
Sneha,3281.0,1
Ravi,2575.0,5
Ravi,3602.0,4
Sneha,1963.0,11
Ravi,2330.0,9
Kiran,4525.0,4
Sneha,5203.0,3
Ravi,2249.0,6
Amit,2554.0,10
Sneha,1060.0,11
Sneha,4214.0,5
Sneha,1118.0,4
Neha,1286.0,1
Sneha,2693.0,11
Amit,1019.0,3
Ravi,2006.0,4
Sneha,4694.0,10
Kiran,5212.0,11
Ravi,4337.0,8
Amit,1121.0,9
Neha,,8
Amit,3534.0,9
Neha,5767.0,10
Ravi,5191.0,1
Neha,4471.0,11
Ravi,3594.0,1
Amit,5921.0,3
Amit,5711.0,4
Neha,5406.0,2
Kiran,5773.0,10
Amit,5264.0,7
Neha,3580.0,9
Sneha,2133.0,11
Ravi,1199.0,6
Sneha,1402.0,4
Sneha,,6
Sneha,4802.0,1
Neha,1017.0,6
Amit,5650.0,4
Sneha,4015.0,3
Neha,2045.0,6
Amit,2175.0,9
Ravi,2840.0,8
Amit,2339.0,8
Amit,1640.0,9
Sneha,1458.0,6
Neha,2006.0,8
Kiran,2076.0,7
Ravi,1806.0,1
Neha,5481.0,6
Sneha,5683.0,11
Neha,1863.0,4
Kiran,4884.0,3
Ravi,4160.0,3
Amit,2455.0,10
Ravi,3629.0,8
Kiran,2194.0,1
Ravi,5762.0,7
Ravi,3865.0,11
Sneha,3154.0,10
Amit,1327.0,4
Kiran,2894.0,1
Sneha,5361.0,2
Ravi,1322.0,7
Ravi,3364.0,10
Neha,5204.0,1
Sneha,2829.0,6
Kiran,4581.0,4
Kiran,3589.0,3
Kiran,4042.0,7
Kiran,,9
Ravi,1238.0,5
Ravi,2033.0,6
Sneha,3384.0,7
Amit,4394.0,10
Kiran,3049.0,6
Ravi,1121.0,6
Sneha,4081.0,3
Kiran,5409.0,11
Amit,1184.0,3
Kiran,4732.0,5
Neha,5985.0,7
Kiran,2794.0,6
Neha,,2
Amit,1330.0,3
Neha,3519.0,5
Amit,5918.0,7
Sneha,2043.0,6
Neha,2304.0,10
Kiran,5223.0,3
Kiran,2353.0,7
Sneha,3748.0,5
Ravi,5112.0,10
Amit,3701.0,4
Ravi,1006.0,6
Ravi,4759.0,2
Sneha,3063.0,7
Sneha,2664.0,2
Neha,,7
Neha,1386.0,8
Neha,5858.0,2
Neha,3922.0,8
Neha,3286.0,7
Kiran,3974.0,3
Sneha,4891.0,7
Amit,2267.0,1
Amit,1215.0,2
Amit,4827.0,5
Amit,3995.0,11
Amit,2838.0,9
Kiran,4624.0,1
Sneha,3792.0,5
Neha,1145.0,6
Neha,3533.0,3
Neha,1837.0,5
Sneha,5601.0,2
Sneha,4669.0,11
Kiran,2346.0,8
Kiran,2782.0,3
Neha,4991.0,5
Sneha,5559.0,1
Neha,3199.0,5
Kiran,4207.0,1
Neha,3987.0,9
Kiran,2214.0,2
Ravi,4106.0,6
Amit,4430.0,9
Ravi,1369.0,3
Neha,1172.0,6
Neha,4142.0,1
Sneha,1720.0,7
Amit,3487.0,2
Kiran,5779.0,5
Neha,5207.0,5
Kiran,,1
Kiran,2446.0,11
Kiran,1156.0,7
Ravi,4257.0,4
Kiran,5809.0,4
Sneha,4674.0,7
Ravi,2882.0,10
Ravi,2527.0,1
Neha,4397.0,6
Amit,5031.0,1
Amit,4449.0,6
Neha,2818.0,10
Amit,1503.0,2
Kiran,2899.0,10
Sneha,1457.0,11
Kiran,3455.0,1
Amit,5788.0,8
Amit,2609.0,7
Sneha,4530.0,2
Ravi,1966.0,2
Ravi,1257.0,5
Sneha,2158.0,4
Ravi,1952.0,4
Amit,2772.0,9
Ravi,5483.0,11
Amit,1621.0,1
Neha,5522.0,10
Kiran,4209.0,9
Ravi,1849.0,3
Neha,4643.0,8
Ravi,5390.0,5
Neha,4114.0,10
Sneha,,3
Neha,1782.0,9
Amit,4966.0,9
Sneha,1289.0,8
Sneha,2940.0,3
Amit,3627.0,3
Ravi,4412.0,10
Sneha,1323.0,11
Ravi,3374.0,10
Kiran,,3
Neha,3783.0,11
Neha,5263.0,6
Amit,4441.0,2
Amit,5181.0,9
Neha,,2
Kiran,4884.0,10
Amit,1865.0,8
Kiran,5554.0,10
Amit,1372.0,4
Sneha,5355.0,4
Ravi,2998.0,5
Neha,,1
Ravi,,4
Neha,4930.0,6
Amit,3532.0,10
Ravi,4356.0,2
Kiran,5444.0,11
Amit,5795.0,3
Sneha,2398.0,11
Ravi,1413.0,4
Ravi,2442.0,3
Sneha,3881.0,9
Neha,5378.0,6
Amit,2267.0,11
Sneha,5759.0,5
Kiran,5295.0,5
Amit,3838.0,2
Sneha,2455.0,9
Sneha,5323.0,2
Ravi,2007.0,5
Ravi,2220.0,7
Ravi,5829.0,3
Amit,,8
Neha,1228.0,5
Amit,3386.0,10
Ravi,5706.0,3
Ravi,2551.0,3
Amit,4058.0,3
Sneha,2918.0,11
Sneha,1114.0,3
Ravi,3152.0,4
Ravi,1428.0,10
Neha,5599.0,1
Sneha,4379.0,3
Neha,2217.0,10
Ravi,2945.0,10
Ravi,1957.0,5
Neha,1145.0,8
Neha,1609.0,8
Ravi,3106.0,9
Kiran,5774.0,9
Ravi,5219.0,6
Sneha,3283.0,10
Ravi,3539.0,7
Amit,2954.0,11
Ravi,2827.0,4
Kiran,5028.0,3
Sneha,,11
Ravi,1500.0,3
Neha,3734.0,2
Sneha,5440.0,8
Sneha,5878.0,7
Kiran,1047.0,8
Neha,5710.0,6
Amit,5881.0,10
Ravi,2188.0,10
Amit,5266.0,5
Neha,1594.0,1
Sneha,2671.0,8
Kiran,3871.0,2
Kiran,1512.0,1
Sneha,2144.0,9
Kiran,3077.0,11
Amit,,11
Sneha,,8
Ravi,4746.0,11
Ravi,4039.0,9
Neha,1559.0,5
Sneha,2760.0,3
Amit,4706.0,11
Sneha,4226.0,8
Sneha,2405.0,4
Amit,,1
Kiran,2817.0,9
Amit,4304.0,11
Sneha,3161.0,4
Sneha,4931.0,2
Sneha,1651.0,10
Sneha,5498.0,3
Neha,4336.0,6
Kiran,4855.0,9
Sneha,2613.0,6
Neha,5068.0,4
Sneha,5477.0,1
Kiran,3126.0,2
Kiran,3031.0,7
Amit,4288.0,3
Neha,5727.0,2
Kiran,,6
Ravi,4887.0,4
Sneha,,1
Kiran,4754.0,9
Neha,2120.0,9
Neha,3533.0,11
Neha,1677.0,5
Amit,4055.0,8
Sneha,2264.0,6
Ravi,4995.0,7
Neha,4345.0,6
Sneha,4118.0,7
Neha,3639.0,3
Neha,4061.0,11
Ravi,5770.0,3
Sneha,3307.0,10
Neha,4736.0,3
Amit,2082.0,10
Neha,2228.0,6
Sneha,2481.0,1
Kiran,2902.0,9
Neha,4002.0,9
Amit,1422.0,4
Amit,4121.0,2
Neha,2835.0,7
Sneha,3491.0,7
Neha,5117.0,6
Amit,1397.0,8
Neha,2113.0,3
Amit,3976.0,2
Kiran,2813.0,10
Neha,,1
Ravi,4208.0,3
Neha,1007.0,8
Amit,,8
Sneha,1099.0,7
Amit,2491.0,2
Kiran,,3
Sneha,,7
Ravi,5114.0,11
Ravi,5815.0,8
Kiran,4216.0,9
Kiran,3316.0,6
Kiran,3412.0,10
Kiran,2494.0,3
Neha,1988.0,9
Amit,5598.0,5
Neha,3052.0,4
Sneha,5556.0,9
Ravi,4035.0,10
Ravi,3218.0,2
Sneha,3857.0,10
Ravi,4472.0,4
Kiran,1608.0,6
Kiran,,11
Kiran,2297.0,6
Sneha,3514.0,11
Amit,3395.0,10
Sneha,3951.0,5
Amit,2910.0,10
Ravi,3473.0,7
Ravi,,5
Ravi,3678.0,6
Amit,1252.0,1
Ravi,4897.0,8
Sneha,1099.0,5
Amit,2313.0,5
Kiran,5859.0,10
Amit,5696.0,6
Sneha,4864.0,6
Sneha,1585.0,8
Sneha,2040.0,4
Ravi,5205.0,4
Kiran,5183.0,3
Kiran,3415.0,9
Neha,1657.0,8
Sneha,2370.0,5
Ravi,4518.0,11
Amit,4341.0,8
Ravi,5999.0,6
Sneha,3578.0,5
Ravi,4117.0,9
Sneha,1408.0,9
Amit,2975.0,11
Amit,2312.0,8
Kiran,4079.0,10
Neha,1276.0,3
Ravi,3938.0,9
Neha,,6
Ravi,,9
Kiran,5785.0,1
Kiran,5698.0,1
Amit,4028.0,6
Amit,1735.0,4
Amit,1136.0,5
Ravi,2754.0,5
Neha,2786.0,3
Neha,3930.0,9
Amit,,1
Kiran,1024.0,6
Neha,2265.0,2
Kiran,4720.0,2
Amit,3561.0,9
Ravi,,10
Sneha,4695.0,2
Neha,4543.0,9
Amit,1458.0,8
Amit,3790.0,7
Neha,5173.0,8
Sneha,4134.0,9
Ravi,4619.0,10
Neha,3223.0,9
Ravi,2952.0,3
Amit,,10
Neha,2671.0,1
Ravi,2158.0,8
Kiran,,10
Kiran,5048.0,4
Kiran,1524.0,5
Ravi,4525.0,11
Kiran,,6
Amit,1899.0,6
Ravi,1100.0,7
Amit,4627.0,10
Sneha,,3
Ravi,2677.0,2
Kiran,5280.0,9
Kiran,2171.0,2
Sneha,5375.0,9
Neha,3347.0,10
Sneha,3328.0,4
Kiran,5483.0,11
Kiran,1225.0,1
Neha,5494.0,3
Sneha,5051.0,10
Amit,2441.0,2
Sneha,5951.0,4
Amit,1155.0,2
Kiran,5748.0,10
Kiran,2070.0,6
Sneha,5807.0,11
Kiran,5324.0,10
Neha,1302.0,1
Ravi,4216.0,5
Amit,3618.0,9
Kiran,1427.0,1
Amit,5571.0,4
Sneha,,2
Neha,2068.0,11
Amit,3908.0,2
Kiran,3443.0,5
Ravi,4942.0,2
Neha,5374.0,5
Sneha,2940.0,1
Kiran,3973.0,5
Neha,5954.0,3
Kiran,,2
Sneha,,11
Sneha,1738.0,4
Ravi,3096.0,1
Neha,1741.0,3
Ravi,2884.0,11
Ravi,1945.0,1
Ravi,4782.0,8
Amit,2728.0,5
Sneha,2336.0,1
Ravi,3630.0,2
Amit,5003.0,9
Amit,2557.0,7
Amit,,3
Ravi,5329.0,1
Amit,,2
Ravi,5881.0,7
Neha,5861.0,8
Sneha,1711.0,5
Kiran,2818.0,4
Ravi,2034.0,10
Sneha,2361.0,4
Ravi,3691.0,5
Neha,4387.0,7
Sneha,3128.0,7
Sneha,3096.0,4
Amit,1091.0,1
Ravi,2669.0,5
Ravi,5792.0,7
Kiran,5006.0,4
Amit,5050.0,7
Amit,3124.0,8
Kiran,4157.0,2
Amit,1263.0,2
Amit,5497.0,5
Neha,2258.0,3
Sneha,1216.0,4
Kiran,2198.0,1
Neha,1903.0,11
Neha,2553.0,4
Neha,3935.0,11
Amit,2833.0,4
Kiran,3368.0,4
Amit,2875.0,3
Amit,3093.0,2
Neha,4437.0,4
Ravi,5974.0,8
Kiran,1904.0,3
Kiran,5443.0,6
Neha,3860.0,2
Neha,3375.0,1
Sneha,2142.0,7
Neha,2104.0,6
Amit,5697.0,10
Neha,5653.0,4
Kiran,5852.0,7
Ravi,1393.0,6
Ravi,4360.0,2
Amit,2813.0,4
Ravi,4421.0,9
Neha,5729.0,8
Ravi,5631.0,6
Neha,4784.0,1
Sneha,1526.0,7
Kiran,3519.0,1
Amit,,8
Sneha,5853.0,3
Ravi,1291.0,9
Amit,4704.0,5
Neha,4606.0,6
Sneha,2711.0,4
Kiran,4168.0,6
Kiran,1493.0,9
Sneha,2439.0,7
Sneha,,2
Sneha,1868.0,11
Ravi,4816.0,6
Kiran,,11
Kiran,1496.0,11
Ravi,1026.0,9
Amit,1766.0,8
Kiran,4027.0,11
Amit,4450.0,1
Amit,4431.0,5
Amit,3444.0,6
Kiran,4951.0,9
Neha,2903.0,4
Amit,5946.0,1
Neha,4330.0,6
Ravi,1334.0,9
Neha,2428.0,6
Neha,2466.0,7
Sneha,3196.0,10
Amit,4618.0,4
Kiran,1572.0,2
Sneha,1802.0,3
Neha,2189.0,11
Ravi,1195.0,1
Kiran,5579.0,2
Ravi,1127.0,7
Neha,5321.0,9
Ravi,3835.0,9
Sneha,4295.0,9
Ravi,,11
Sneha,5652.0,1
Amit,2622.0,7
Kiran,5251.0,7
Ravi,5700.0,9
Sneha,,9
Neha,4028.0,1
Neha,3397.0,10
Sneha,3453.0,5
Kiran,1810.0,2
Amit,1225.0,6
Amit,5400.0,2
Kiran,4118.0,6
Ravi,1220.0,7
Sneha,3126.0,6
Amit,,11
Kiran,,1
Amit,1278.0,4
Amit,1529.0,3
Ravi,1481.0,5
Amit,4174.0,7
Sneha,3842.0,3
Kiran,5775.0,1
Ravi,2983.0,11
Ravi,3777.0,11
Kiran,2715.0,9
Sneha,2182.0,6
Amit,5649.0,6
Amit,3098.0,4
Sneha,2820.0,11
Neha,3804.0,1
Kiran,3114.0,9
Sneha,3674.0,10
Amit,,7
Kiran,1416.0,10
Kiran,4161.0,7
Amit,3570.0,11
Sneha,4983.0,7
Neha,3547.0,7
Kiran,3449.0,8
Kiran,4775.0,11
Kiran,3614.0,8
Sneha,,3
Kiran,1839.0,8
Amit,1932.0,4
Amit,3310.0,7
Ravi,5546.0,5
Kiran,5973.0,4
Neha,3080.0,4
Ravi,4948.0,6
Kiran,5165.0,2
Kiran,1083.0,5
Sneha,1770.0,8
Sneha,,2
Amit,1471.0,5
Ravi,4624.0,7
Ravi,4246.0,5
Ravi,3196.0,10
Amit,1122.0,9
Neha,,9
Neha,3555.0,8
Neha,2934.0,9
Ravi,5785.0,2
Kiran,2411.0,3
Ravi,5629.0,4
Kiran,1317.0,5
Sneha,5245.0,10
Amit,1505.0,2
Neha,3826.0,11
Ravi,2883.0,10
Ravi,3543.0,4
Sneha,4509.0,4
Kiran,1433.0,5
Neha,1592.0,6
Amit,3745.0,1
Kiran,,6
Kiran,4480.0,9
Neha,4631.0,3
Amit,3024.0,2
Neha,4154.0,8
Neha,3453.0,2
Ravi,2148.0,8
Amit,5360.0,10
Kiran,1659.0,4
Neha,,9
Sneha,1996.0,4
Amit,3964.0,1
Sneha,,8
Kiran,4785.0,1
Amit,3263.0,5
Ravi,2709.0,7
Amit,5021.0,3
Kiran,5274.0,6
Ravi,2180.0,11
Kiran,4642.0,1
Amit,2055.0,6
Kiran,5736.0,5
Amit,4899.0,2
Ravi,3276.0,4
Amit,5212.0,11
Kiran,5555.0,11
Kiran,4596.0,11
Kiran,1322.0,7
Sneha,,6
Sneha,,11
Sneha,4938.0,10
Neha,5279.0,6
Amit,4909.0,9
Sneha,5613.0,2
Kiran,4063.0,1
Kiran,4724.0,2
Sneha,5397.0,3
Sneha,3716.0,9
Kiran,3304.0,10
Sneha,3728.0,9
Neha,4705.0,5
Neha,3429.0,7
Neha,4380.0,3
Ravi,5619.0,10
Neha,1690.0,2
Kiran,3171.0,6
Ravi,5575.0,6
Kiran,5093.0,5
Kiran,5656.0,1
Sneha,5564.0,10
Amit,3438.0,2
Neha,3801.0,7
Amit,3304.0,10
Amit,1213.0,2
Sneha,5995.0,5
Amit,,11
Neha,3268.0,10
Ravi,3588.0,4
Kiran,5519.0,10
Neha,2215.0,1
Sneha,1129.0,5
Ravi,5257.0,1
Sneha,2057.0,3
Neha,,9
Kiran,,7
Amit,4287.0,2
Amit,2778.0,5
Sneha,4868.0,4
Ravi,2782.0,7
Kiran,2839.0,4
Sneha,2425.0,9
Kiran,,3
Sneha,3441.0,6
Ravi,2107.0,5
Neha,4003.0,10
Amit,4406.0,8
Kiran,1813.0,11
Kiran,4233.0,1
Ravi,5203.0,10
Kiran,4052.0,2
Neha,,7
Neha,3883.0,1
Ravi,1360.0,5
Sneha,,8
Sneha,1099.0,10
Kiran,3704.0,5
Kiran,4743.0,5
Ravi,,9
Neha,3511.0,11
Ravi,2921.0,11
Sneha,2876.0,5
Neha,5695.0,1
Kiran,2241.0,3
Sneha,3799.0,5
Amit,4071.0,8
Sneha,1685.0,10
Neha,3240.0,2
Neha,1899.0,4
Ravi,2688.0,4
Neha,2832.0,3
Amit,3482.0,6
Amit,5426.0,10
Neha,3575.0,2
Kiran,1021.0,3
Neha,5412.0,2
Kiran,4293.0,10
Neha,1618.0,8
Sneha,5841.0,2
Neha,2089.0,5
Sneha,1149.0,4
Kiran,5378.0,1
Neha,1113.0,7
Kiran,2070.0,6
Amit,3494.0,10
Ravi,2094.0,1
Kiran,3230.0,9
Sneha,4972.0,4
Ravi,1981.0,1
Neha,3358.0,8
Sneha,4281.0,1
Ravi,5439.0,2
Ravi,4052.0,5
Kiran,5094.0,1
Neha,3596.0,1
Neha,,6
Neha,5486.0,11
Kiran,3982.0,1
Kiran,5385.0,5
Neha,5663.0,10
Ravi,3583.0,11
Neha,4965.0,5
Kiran,5085.0,2
Neha,5861.0,11
Kiran,5652.0,3
Neha,2124.0,3
Ravi,2052.0,3
Ravi,5672.0,3
Kiran,1816.0,11
Kiran,1979.0,4
Sneha,3859.0,10
Amit,1683.0,1
Sneha,4656.0,4
Kiran,,4
Kiran,1781.0,8
Neha,5600.0,11
Sneha,2443.0,4
Amit,5501.0,5
Sneha,3760.0,4
Ravi,3202.0,5
Ravi,3262.0,3
Sneha,4634.0,3
Sneha,4121.0,8
Kiran,3546.0,1
Neha,5042.0,3
Ravi,2371.0,2
Amit,3390.0,10
Neha,3829.0,11
Sneha,2463.0,6
Ravi,1554.0,8
Sneha,3573.0,6
Ravi,1716.0,4
Amit,5296.0,3
Neha,4390.0,4
Amit,4743.0,8
Amit,5045.0,9
Neha,4164.0,8
Neha,4652.0,9
Amit,,8
Sneha,3834.0,5
Neha,4496.0,5
Amit,2338.0,1
Amit,3422.0,8
Amit,5132.0,11
Sneha,4012.0,2
Kiran,3660.0,6
Kiran,2165.0,6
Neha,3736.0,10
Kiran,5814.0,4
Ravi,,9
Neha,5719.0,3
Neha,1179.0,8
Amit,,2
Ravi,4835.0,5
Kiran,5779.0,6
Neha,5806.0,2
Ravi,3558.0,7
Sneha,2840.0,11
Sneha,4569.0,11
Amit,5424.0,5
Ravi,5813.0,10
Neha,4987.0,4
Sneha,4177.0,4
Sneha,4314.0,2
Kiran,1492.0,9
Kiran,5897.0,1
Ravi,5211.0,1
Kiran,1310.0,4
Ravi,3599.0,3
Neha,2702.0,9
Neha,,7
Neha,5020.0,11
Kiran,5208.0,2
Kiran,2893.0,4
Amit,2327.0,5
Sneha,2918.0,10
Neha,3625.0,4
Kiran,5411.0,4
Sneha,3242.0,4
Neha,2974.0,8
Neha,5041.0,7
Sneha,4979.0,4
Sneha,2316.0,11
Kiran,4430.0,1
Sneha,3573.0,6
Sneha,1611.0,5
Kiran,3868.0,11
Neha,,5
Sneha,1204.0,11
Amit,4390.0,6
Ravi,2400.0,8
Sneha,3268.0,6
Sneha,2373.0,6
Ravi,2257.0,7
Amit,3348.0,11
Neha,4204.0,8
Amit,2695.0,4
Ravi,3683.0,7
Sneha,3993.0,8
Neha,1234.0,6
Amit,3138.0,9
Amit,4576.0,6
Neha,,4
Amit,,6
Ravi,5851.0,2
Neha,2958.0,11
Ravi,2494.0,8
Neha,1932.0,11
Ravi,1048.0,6
Sneha,3271.0,4
Sneha,3761.0,7
Amit,5562.0,8
Neha,3065.0,3
Neha,1679.0,10
Ravi,4946.0,3
Amit,2591.0,10
Amit,3519.0,3
Neha,1829.0,3
Sneha,2567.0,2
Neha,2568.0,5
Neha,4335.0,6
Kiran,1206.0,1
Ravi,2806.0,6
Ravi,1480.0,7
Kiran,3121.0,2
Amit,2462.0,1
Ravi,3630.0,7
Amit,3767.0,6
Sneha,2438.0,3
Amit,2943.0,2
Ravi,4743.0,2
Amit,3806.0,2
Sneha,3828.0,8
Kiran,1771.0,1
Ravi,1067.0,3
Sneha,2446.0,8
Neha,3902.0,6
Kiran,3419.0,7
Kiran,1364.0,2
Ravi,5496.0,9
Sneha,3898.0,7
Neha,1260.0,3
Sneha,4860.0,9
Amit,2069.0,3
Ravi,4935.0,10
Amit,5994.0,8
Amit,,7
Kiran,2443.0,3
Kiran,2329.0,5
Amit,1229.0,7
Sneha,5846.0,3
Ravi,2210.0,2
Ravi,2971.0,9
Sneha,5222.0,2
Amit,5228.0,3
Ravi,4233.0,1
Kiran,2726.0,1
Neha,2617.0,1
Kiran,2898.0,10
Sneha,5442.0,3
Neha,2963.0,6
Ravi,3132.0,10
Ravi,3483.0,3
Neha,2451.0,4
Ravi,5281.0,2
Neha,2256.0,7
Amit,,4
Sneha,2748.0,11
Kiran,2983.0,1
Neha,2976.0,4
Neha,4654.0,4
Amit,4465.0,11
Kiran,3415.0,3
Amit,4183.0,8
Amit,3309.0,7
Sneha,2088.0,10
Ravi,4875.0,10
Kiran,3548.0,3
Amit,4161.0,4
Ravi,2393.0,8
Ravi,2516.0,10
Ravi,3694.0,3
Ravi,3904.0,5
Sneha,4959.0,5
Sneha,5501.0,5
Amit,5464.0,5
Ravi,1221.0,9
Amit,4013.0,10
Neha,2271.0,5
Sneha,5269.0,11
Sneha,5219.0,11
Kiran,2753.0,9
Neha,1636.0,9
Sneha,3864.0,11
Ravi,3738.0,10
Ravi,3697.0,4
Ravi,5090.0,9
Amit,2500.0,11
Sneha,4262.0,2
Amit,1501.0,3
Sneha,2657.0,1
Kiran,4359.0,11
Amit,2897.0,7
Sneha,3109.0,10
Kiran,,11
Sneha,1126.0,9
Neha,4776.0,3
Amit,5288.0,8
Ravi,2970.0,1
Kiran,4286.0,6
Kiran,3241.0,6
Ravi,1589.0,5
Kiran,,4
Ravi,1743.0,3
Ravi,4228.0,4
Sneha,2117.0,7
Amit,1826.0,7
Neha,2704.0,3
Kiran,3657.0,11
Sneha,2154.0,10
Neha,3273.0,3
Neha,4944.0,3
Kiran,3396.0,5
Kiran,2135.0,1
Sneha,2506.0,10
Kiran,3245.0,11
Neha,3239.0,7
Kiran,4136.0,8
Sneha,5590.0,7
Sneha,1169.0,8
Sneha,1177.0,9
Kiran,2169.0,4
Amit,1587.0,3
Sneha,1055.0,7
Amit,3735.0,9
Ravi,4746.0,9
Sneha,1136.0,8
Amit,1538.0,3
Amit,3210.0,6
Neha,3208.0,2
Amit,3566.0,6
Neha,2729.0,5
Amit,5411.0,4
Amit,1708.0,3
Ravi,2241.0,8
Amit,5360.0,10
Kiran,2576.0,6
Kiran,3990.0,9
Kiran,5558.0,3
Ravi,2185.0,5
Amit,5410.0,4
Ravi,5980.0,6
Amit,,2
Neha,5763.0,6
Ravi,5161.0,3
Kiran,1569.0,8
Kiran,,10
Kiran,3017.0,10
Amit,1947.0,11
Amit,3833.0,6
Ravi,5045.0,8
Sneha,,7
Amit,,6
Sneha,3385.0,9
Sneha,5235.0,11
Amit,5488.0,9
Ravi,1234.0,10
Sneha,5528.0,10
Ravi,5384.0,4
Ravi,2130.0,8
Amit,5704.0,3
Sneha,3552.0,11
Ravi,5729.0,5
Sneha,1616.0,3
Ravi,2925.0,10
Amit,4929.0,4
Ravi,3346.0,5
Amit,5890.0,8
Amit,,10
Sneha,1919.0,8
Sneha,,3
Sneha,5856.0,8
Neha,5922.0,10
Sneha,2952.0,4
Sneha,,11
Ravi,3346.0,2
Neha,5308.0,3
Neha,,8
Ravi,1956.0,5
Sneha,3337.0,2
Kiran,4758.0,7
Amit,5062.0,5
Neha,,6
Ravi,3889.0,2
Kiran,3719.0,11
Amit,,7
Kiran,3321.0,1
Sneha,5385.0,10
Ravi,3240.0,10
Amit,5362.0,5
Amit,4845.0,9
Sneha,,7
Sneha,5774.0,9
Sneha,1992.0,9
Ravi,5777.0,1
Neha,1701.0,8
Kiran,5916.0,7
Ravi,2634.0,11
Ravi,4870.0,2
Kiran,5682.0,3
Amit,1078.0,6
Kiran,5988.0,11
Sneha,4746.0,11
Amit,3747.0,3
Ravi,4286.0,8
Kiran,2933.0,4
Ravi,,7
Ravi,,4
Kiran,3653.0,2
Ravi,3531.0,7
Neha,5926.0,8
Neha,2765.0,1
Ravi,1765.0,5
Amit,,10
Amit,5248.0,8
Amit,1461.0,1
Amit,5344.0,3
Neha,1600.0,2
Amit,5194.0,3
Kiran,5635.0,3
Amit,1296.0,3
Kiran,5534.0,1
Neha,,3
Kiran,3020.0,2
Kiran,1665.0,9
Ravi,4444.0,10
Kiran,3422.0,8
Ravi,4679.0,6
Amit,1559.0,7
Kiran,3533.0,1
Kiran,2108.0,7
Sneha,5762.0,8
Amit,,8
Kiran,4368.0,6
Kiran,5935.0,7
Sneha,1106.0,11
Ravi,4679.0,2
Amit,2707.0,4
Sneha,1791.0,8
Amit,1812.0,11
Amit,,4
Ravi,1170.0,8
Ravi,5446.0,10
Neha,2933.0,4
Sneha,2752.0,9
Sneha,1449.0,1
Amit,3680.0,6
Neha,2125.0,1
Neha,2393.0,6
Amit,2819.0,4
Ravi,2684.0,8
Neha,,8
Sneha,2856.0,9
Ravi,5861.0,7
Kiran,2289.0,11
Neha,3250.0,8
Amit,2142.0,11
Sneha,2049.0,3
Neha,3417.0,10
Amit,5481.0,4
Sneha,3322.0,4
Neha,5630.0,6
Sneha,3392.0,7
Kiran,4393.0,9
Sneha,5203.0,10
Amit,1922.0,6
Neha,1710.0,2
Amit,1447.0,10
Kiran,3510.0,10
Ravi,4288.0,7
Sneha,3854.0,10
Amit,2073.0,9
Neha,4689.0,8
Neha,4129.0,4
Ravi,4598.0,2
Neha,5435.0,8
Kiran,5119.0,6
Ravi,2068.0,8
Kiran,1437.0,11
Sneha,2093.0,9
Kiran,1594.0,3
Sneha,3561.0,8
Kiran,1277.0,10
Ravi,5588.0,8
Sneha,1083.0,5
Kiran,4384.0,6
Kiran,1468.0,5
Neha,1998.0,6
Kiran,3380.0,1
Neha,2293.0,10
Kiran,5096.0,10
Amit,2368.0,10
Neha,4935.0,2
Ravi,1094.0,8
Ravi,1923.0,1
Sneha,4142.0,9
Ravi,2910.0,7
Sneha,4455.0,1
Ravi,,5
Neha,2880.0,2
Amit,2805.0,11
Sneha,2159.0,1
Amit,4221.0,1
Kiran,1358.0,5
Kiran,1142.0,4
Amit,2795.0,5
Neha,3879.0,6
Amit,3219.0,1
Amit,3060.0,2
Amit,2079.0,2
Sneha,1502.0,5
Sneha,1886.0,10
Amit,3940.0,9
Neha,1603.0,7
Kiran,5421.0,10
Kiran,,4
Kiran,4895.0,5
Ravi,3545.0,11
Neha,5412.0,7
Sneha,2725.0,10
Kiran,1172.0,9
Sneha,5677.0,10
Sneha,2302.0,7
Sneha,1084.0,11
Sneha,2172.0,2
Amit,1944.0,4
Sneha,5829.0,10
Ravi,2787.0,4
Sneha,5194.0,11
Kiran,5310.0,9
Sneha,1807.0,8
Kiran,1311.0,6
Sneha,2761.0,8
Neha,3231.0,7
Amit,2983.0,8
Kiran,,7
Ravi,4987.0,2
Sneha,4898.0,11
Kiran,1357.0,6
Amit,4163.0,4
Sneha,5952.0,4
Amit,2199.0,10
Ravi,3702.0,6
Kiran,5739.0,8
Ravi,5735.0,5
Amit,3312.0,3
Neha,3777.0,1
Neha,1527.0,5
Kiran,4245.0,3
Sneha,4331.0,3
Ravi,1365.0,4
Neha,,9
Neha,,4
Sneha,1113.0,5
Ravi,4791.0,10
Amit,3523.0,5
Neha,,1
Kiran,1848.0,7
Kiran,4808.0,2
Amit,3530.0,6
Sneha,2670.0,11
Sneha,4667.0,4
Neha,5812.0,5
Neha,1581.0,5
Neha,1376.0,4
Amit,3978.0,2
Amit,5542.0,8
Neha,5055.0,1
Sneha,3614.0,9
Ravi,,6
Neha,1485.0,4
Sneha,,6
Sneha,4489.0,11
Kiran,4761.0,9
Ravi,2711.0,9
Neha,2161.0,3
Ravi,2382.0,8
Neha,1231.0,1
Ravi,4187.0,9
Ravi,4903.0,7
Sneha,3563.0,10
Ravi,3032.0,7
Ravi,1112.0,6
Neha,4218.0,1
Sneha,2373.0,2
Ravi,2232.0,11
Sneha,1004.0,3
Sneha,4150.0,1
Amit,2763.0,5
Neha,2721.0,11
Amit,5835.0,5
Sneha,3097.0,6
Ravi,2133.0,7
Neha,2717.0,10
Kiran,4444.0,9
Neha,1522.0,7
Amit,3973.0,6
Neha,3424.0,9
Ravi,1635.0,2
Neha,1649.0,6
Kiran,4162.0,5
Amit,2173.0,6
Amit,5819.0,10
Sneha,1367.0,1
Amit,4784.0,11
Kiran,3885.0,5
Kiran,4989.0,8
Amit,5715.0,3
Neha,3517.0,3
Kiran,5308.0,11
Amit,5361.0,7
Amit,1625.0,7
Neha,,2
Amit,2804.0,8
Ravi,2235.0,5
Sneha,2107.0,9
Kiran,1762.0,1
Neha,1349.0,11
Neha,1896.0,4
Sneha,2952.0,8
Ravi,1331.0,9
Sneha,4548.0,9
Amit,4552.0,10
Neha,4144.0,11
Amit,1923.0,1
Neha,2519.0,1
Neha,4451.0,7
Amit,,11
Sneha,3287.0,6
Kiran,1005.0,7
Kiran,5767.0,8
Sneha,1047.0,11
Ravi,4439.0,6
Sneha,2050.0,10
Sneha,1299.0,10
Sneha,1061.0,10
Kiran,4494.0,7
Neha,3432.0,11
Ravi,4488.0,7
Ravi,5030.0,7
Ravi,2825.0,2
Amit,1756.0,3
Sneha,1576.0,10
Neha,3225.0,9
Neha,5189.0,1
Amit,2551.0,8
Kiran,1534.0,7
Amit,2992.0,6
Amit,1864.0,1
Sneha,5508.0,9
Kiran,2055.0,2
Amit,4027.0,10
Neha,3400.0,5
Sneha,4284.0,9
Kiran,2209.0,8
Neha,2611.0,10
Ravi,,4
Sneha,5328.0,8
Neha,2098.0,9
Amit,1253.0,11
Amit,3953.0,5
Sneha,4370.0,1
Kiran,4146.0,11
Amit,1434.0,6
Neha,2957.0,4
Ravi,3789.0,6
Kiran,2223.0,1
Sneha,3772.0,4
Amit,1084.0,5
Kiran,1712.0,6
Ravi,4046.0,5
Kiran,1217.0,2
Kiran,5016.0,3
Sneha,3559.0,5
Ravi,3306.0,11
Ravi,3277.0,7
Kiran,5394.0,4
Amit,3666.0,11
Kiran,,6
Neha,4775.0,9
Amit,5747.0,10
Sneha,4836.0,7
Ravi,,3
Amit,2785.0,11
Sneha,,5
Kiran,3221.0,9
Sneha,1941.0,5
Neha,,3
Sneha,5703.0,8
Amit,5954.0,7
Ravi,2913.0,5
Amit,2772.0,5
Amit,5116.0,1
Ravi,1402.0,8
Neha,5808.0,6
Amit,4445.0,5
Ravi,3356.0,7
Ravi,2561.0,2
Amit,2514.0,3
Ravi,,9
Kiran,2350.0,5
Amit,,6
Neha,3231.0,8
Kiran,5964.0,3
Neha,2792.0,1
Amit,4918.0,4
Sneha,5120.0,2
Ravi,3284.0,9
Kiran,3898.0,4
Amit,2801.0,9
Ravi,3551.0,7
Sneha,5351.0,7
Neha,5473.0,1
Amit,5045.0,2
Amit,,7
Sneha,2133.0,5
Neha,4347.0,7
Amit,2342.0,3
Ravi,3815.0,8
Sneha,4317.0,4
Amit,1422.0,8
Neha,,6
Kiran,5315.0,9
Amit,2609.0,6
Neha,1197.0,4
Sneha,5714.0,3
Neha,2636.0,4
Neha,3744.0,11
Sneha,5940.0,7
Kiran,2395.0,8
Ravi,2119.0,2
Kiran,3437.0,9
Ravi,2836.0,7
Ravi,3563.0,7
Ravi,1047.0,10
Amit,5847.0,4
Kiran,2052.0,7
Neha,1687.0,2
Amit,2611.0,11
Sneha,3910.0,10
Sneha,1758.0,3
Ravi,1054.0,2
Amit,3131.0,5
Amit,2936.0,1
Sneha,2889.0,2
Neha,4639.0,11
Kiran,3334.0,6
Kiran,3022.0,6
Ravi,2604.0,8
Ravi,1444.0,9
Ravi,4682.0,9
Sneha,2553.0,7
Sneha,5365.0,10
Kiran,1908.0,1
Ravi,4452.0,4
Amit,2056.0,7
Neha,3141.0,2
Sneha,3850.0,9
Ravi,,1
Ravi,2540.0,9
Sneha,1154.0,7
Kiran,2618.0,10
Kiran,1418.0,6
Kiran,5349.0,7
Kiran,3207.0,2
Amit,5408.0,10
Ravi,4864.0,2
Kiran,,3
Kiran,5531.0,6
Neha,5033.0,1
Neha,,11
Ravi,2006.0,4
Sneha,5361.0,8
Kiran,2032.0,8
Amit,2018.0,5
Neha,3980.0,7
Kiran,4677.0,5
Sneha,5835.0,4
Amit,1440.0,6
Neha,,8
Sneha,4210.0,10
Sneha,5938.0,1
Amit,1895.0,3
Amit,1651.0,4
Neha,3568.0,5
Amit,2092.0,1
Kiran,,9
Amit,5242.0,8
Sneha,5480.0,2
Amit,3516.0,5
Neha,5986.0,9
Kiran,3563.0,3
Amit,,5
Kiran,,9
Amit,4784.0,6
Kiran,3798.0,5
Amit,1055.0,8
Amit,2094.0,5
Ravi,2913.0,9
Sneha,2518.0,11
Neha,1356.0,3
Neha,5870.0,1
Ravi,4010.0,4
Amit,2261.0,7
Sneha,3266.0,3
Kiran,1724.0,10
Ravi,2294.0,8
Neha,4390.0,2
Neha,5360.0,9
Neha,4717.0,3
Amit,5440.0,11
Kiran,4881.0,6
Kiran,2501.0,7
Kiran,5617.0,5
Amit,2066.0,10
Neha,2838.0,5
Neha,1432.0,1
Amit,2820.0,4
Sneha,3378.0,1
Amit,5372.0,9
Amit,,9
Neha,5823.0,5
Kiran,2904.0,5
Neha,2916.0,5
Sneha,2943.0,7
Ravi,4122.0,6
Ravi,3181.0,2
Amit,5796.0,11
Ravi,1585.0,10
Kiran,3859.0,3
Neha,,5
Sneha,3153.0,7
Sneha,1292.0,2
Sneha,2316.0,11
Neha,5093.0,4
Kiran,5208.0,1
Sneha,2069.0,7
Ravi,4229.0,11
Kiran,4145.0,2
Kiran,1918.0,8
Kiran,3629.0,10
Sneha,4244.0,11
Kiran,5009.0,1
Sneha,3784.0,2
Ravi,5657.0,8
Ravi,2003.0,5
Ravi,5983.0,5
Ravi,3428.0,11
Kiran,5553.0,7
Kiran,2540.0,4
Sneha,1084.0,9
Ravi,2937.0,3
Amit,4286.0,8
Ravi,4463.0,3
Neha,3407.0,8
Amit,2598.0,1
Neha,1058.0,10
Amit,5533.0,10
Sneha,3922.0,7
Kiran,3812.0,1
Sneha,3697.0,2
Amit,2774.0,11
Ravi,3835.0,11
Sneha,4220.0,1
Amit,2600.0,10
Ravi,4547.0,3
Kiran,4207.0,9
Amit,5360.0,1
Neha,5107.0,3
Neha,4940.0,2
Neha,2921.0,5
Ravi,1263.0,7
Ravi,2855.0,6
Sneha,3888.0,10
Ravi,1454.0,5
Amit,2255.0,3
Neha,4672.0,7
Kiran,4188.0,9
Neha,5646.0,2
Amit,1199.0,6
Kiran,4815.0,5
Sneha,1286.0,9
Ravi,2152.0,8
Amit,,9
Ravi,3933.0,7
Sneha,1258.0,5
Kiran,1776.0,4
Amit,1511.0,8
Kiran,5656.0,2
Amit,1701.0,1
Sneha,5237.0,3
Sneha,1978.0,7
Sneha,5836.0,1
Ravi,5044.0,5
Neha,4967.0,5
Kiran,2876.0,3
Amit,4735.0,11
Kiran,1213.0,1
Neha,4807.0,5
Ravi,4088.0,8
Ravi,,9
Neha,1833.0,6
Amit,1798.0,1
Neha,1038.0,5
Ravi,3964.0,2
Ravi,2049.0,1
Kiran,5947.0,3
Amit,2162.0,11
Amit,2961.0,10
Ravi,5157.0,5
Neha,5207.0,9
Ravi,5354.0,7
Kiran,,6
Neha,1135.0,9
Ravi,3237.0,6
Amit,3384.0,11
Kiran,3673.0,4
Ravi,4073.0,7
Ravi,3774.0,2
Sneha,1086.0,2
Neha,3128.0,6
Sneha,2845.0,5
Amit,3851.0,6
Neha,,2
Kiran,5003.0,2
Neha,3223.0,1
Ravi,1866.0,2
Ravi,3912.0,11
Ravi,2083.0,10
Neha,1406.0,7
Ravi,3535.0,2
Ravi,3802.0,3
Sneha,1283.0,11
Ravi,1737.0,6
Sneha,5552.0,6
Amit,1222.0,10
Neha,,11
Sneha,2551.0,9
Neha,2956.0,11
Neha,4257.0,2
Kiran,1716.0,7
Sneha,2065.0,1
Ravi,5876.0,6
Kiran,,9
Sneha,3755.0,8
Sneha,4557.0,6
Amit,3052.0,6
Ravi,1449.0,6
Amit,1511.0,8
Neha,,2
Ravi,5427.0,11
Amit,2161.0,9
Amit,2672.0,10
Ravi,2895.0,8
Sneha,2855.0,2
Neha,2167.0,11
Kiran,5681.0,8
Kiran,2450.0,1
Kiran,4250.0,6
Neha,,6
Ravi,4549.0,9
Ravi,,9
Ravi,4993.0,5
Kiran,4990.0,1
Sneha,1278.0,11
Amit,4957.0,1
Kiran,5037.0,7
Neha,2474.0,11
Ravi,1478.0,11
Amit,1510.0,4
Ravi,1757.0,9
Ravi,3971.0,3
Ravi,4349.0,6
Sneha,5127.0,9
Amit,2999.0,4
Kiran,2401.0,5
Sneha,2062.0,5
Neha,5647.0,5
Neha,5772.0,2
Kiran,1356.0,11
Amit,4009.0,2
Kiran,5363.0,1
Sneha,1290.0,1
Amit,2044.0,4
Neha,2516.0,3
Amit,3218.0,4
Amit,1013.0,11
Amit,1389.0,6
Kiran,2958.0,11
Ravi,3784.0,1
Sneha,,8
Amit,4420.0,8
Amit,3405.0,7
Kiran,5729.0,11
Sneha,2916.0,11
Sneha,4243.0,4
Neha,4241.0,8
Sneha,4756.0,9
Sneha,3205.0,5
Amit,2348.0,6
Ravi,2220.0,10
Amit,4771.0,8
Kiran,1062.0,5
Sneha,1498.0,4
Ravi,1738.0,8
Amit,1915.0,3
Neha,3766.0,6
Kiran,5964.0,9
Kiran,4650.0,6
Kiran,3375.0,9
Amit,4848.0,8
Ravi,5618.0,9
Ravi,,10
Sneha,3534.0,9
Ravi,4609.0,8
Neha,2223.0,9
Kiran,5192.0,7
Amit,5886.0,7
Kiran,4633.0,11
Kiran,1089.0,4
Neha,3995.0,1
Kiran,2682.0,7
Kiran,4582.0,8
Neha,1524.0,9
Neha,1465.0,1
Ravi,5195.0,9
Kiran,1655.0,7
Sneha,,7
Sneha,1292.0,3
Sneha,4669.0,1
Neha,2834.0,7
Kiran,4675.0,10
Ravi,2918.0,8
Kiran,5397.0,6
Sneha,4614.0,7
Amit,,9
Sneha,2210.0,8
Neha,5126.0,5
Kiran,1251.0,11
Neha,3669.0,4
Ravi,2464.0,11
Kiran,4285.0,4
Kiran,1344.0,4
Kiran,4926.0,2
Amit,3394.0,10
Kiran,2349.0,10
Amit,5963.0,7
Kiran,1086.0,8
Sneha,2041.0,7
Ravi,3292.0,11
Kiran,2982.0,10
Neha,5876.0,8
Sneha,2933.0,11
Neha,4011.0,11
Neha,1381.0,9
Amit,1779.0,8
Ravi,4307.0,5
Neha,4456.0,4
Sneha,1124.0,5
Ravi,2084.0,11
Sneha,5597.0,1
Neha,3058.0,5
Ravi,1971.0,6
Kiran,2450.0,9
Neha,4219.0,9
Neha,5553.0,10
Amit,5708.0,3
Sneha,2807.0,11
Kiran,5823.0,8
Ravi,3645.0,8
Neha,4670.0,9
Neha,2529.0,1
Kiran,5383.0,5
Neha,5303.0,5
Sneha,5646.0,7
Ravi,4328.0,11
Kiran,3740.0,8
Kiran,3959.0,11
Amit,3002.0,7
Ravi,1714.0,6
Kiran,1882.0,4
Neha,3648.0,9
Ravi,4247.0,2
Sneha,4000.0,6
Kiran,1243.0,10
Sneha,1660.0,6
Kiran,1997.0,11
Neha,1971.0,4
Amit,2541.0,3
Neha,1651.0,11
Sneha,3818.0,3
Ravi,4764.0,2
Sneha,2270.0,3
Amit,3196.0,4
Kiran,1819.0,10
Kiran,4058.0,4
Sneha,5766.0,10
Ravi,2200.0,7
Kiran,1769.0,4
Kiran,5515.0,9
Amit,2946.0,8
Amit,3825.0,1
Ravi,4185.0,10
Kiran,5629.0,1
Neha,4152.0,6
Sneha,1908.0,4
Kiran,1228.0,10
Sneha,2627.0,6
Kiran,2351.0,9
Amit,4038.0,10
Ravi,5274.0,5
Neha,3014.0,8
Amit,5564.0,2
Ravi,5718.0,8
Amit,2896.0,8
Sneha,3308.0,2
Kiran,1271.0,7
Amit,,8
Ravi,1393.0,7
Kiran,,6
Sneha,1594.0,3
Sneha,3610.0,11
Neha,3585.0,11
Kiran,1308.0,3
Sneha,5678.0,8
Amit,1560.0,4
Sneha,,10
Sneha,2396.0,8
Sneha,4457.0,10
Neha,2138.0,6
Ravi,5373.0,3
Sneha,5558.0,10
Ravi,4481.0,2
Kiran,4602.0,1
Ravi,,4
Kiran,5116.0,8
Neha,2040.0,4
Kiran,1647.0,8
Kiran,1607.0,8
Amit,3141.0,11
Neha,3129.0,1
Sneha,4973.0,6
Neha,2938.0,11
Amit,1658.0,10
Kiran,4993.0,8
Neha,1456.0,8
Amit,5410.0,1
Sneha,5448.0,8
Kiran,3038.0,9
Neha,,11
Neha,5058.0,6
Kiran,1327.0,7
Neha,1123.0,6
Kiran,,5
Amit,1002.0,1
Kiran,2170.0,2
Sneha,3596.0,10
Kiran,3679.0,2
Neha,2066.0,11
Kiran,2382.0,9
Kiran,2675.0,6
Kiran,3619.0,3
Sneha,,3
Sneha,3097.0,10
Neha,1952.0,10
Neha,1360.0,2
Kiran,1752.0,7
Ravi,1640.0,1
Amit,2866.0,1
Kiran,3141.0,10
Amit,3739.0,3
Sneha,4289.0,1
Neha,5194.0,11
Ravi,1418.0,3
Neha,2952.0,9
Sneha,5396.0,7
Kiran,1560.0,9
Sneha,1784.0,7
Ravi,,11
Kiran,3158.0,9
Kiran,2867.0,11
Ravi,5623.0,3
Neha,2126.0,7
Kiran,3654.0,6
Neha,1219.0,2
Amit,3177.0,6
Ravi,5700.0,3
Amit,5651.0,2
Kiran,5578.0,5
Ravi,1944.0,5
Kiran,2092.0,11
Ravi,4342.0,2
Neha,2744.0,3
Sneha,4983.0,8
Sneha,4810.0,5
Ravi,2681.0,8
Amit,1092.0,10
Ravi,5020.0,4
Neha,2519.0,4
Amit,3577.0,6
Ravi,2416.0,10
Ravi,5610.0,11
Kiran,1440.0,5
Neha,2786.0,5
Neha,5929.0,9
Sneha,1439.0,6
Kiran,2131.0,3
Amit,,11
Sneha,4017.0,4
Neha,4081.0,9
Ravi,5238.0,6
Kiran,4856.0,11
Neha,4753.0,8
Neha,4484.0,11
Kiran,4166.0,7
Neha,1705.0,1
Sneha,1924.0,1
Kiran,2366.0,10
Neha,3315.0,7
Neha,2556.0,2
Kiran,3217.0,9
Ravi,5419.0,10
Amit,4628.0,9
Kiran,5082.0,2
Ravi,,9
Neha,5191.0,9
Sneha,1362.0,10
Neha,4007.0,6
Neha,4666.0,5
Ravi,4536.0,10
Kiran,2805.0,2
Amit,2825.0,6
Amit,1670.0,11
Kiran,3315.0,9
Kiran,4398.0,3
Sneha,1800.0,3
Kiran,1133.0,11
Sneha,4434.0,4
Kiran,1547.0,10
Sneha,,11
Kiran,3316.0,4
Kiran,2068.0,1
Amit,2302.0,2
Neha,2335.0,6
Neha,1266.0,5
Sneha,3218.0,10
Ravi,2240.0,4
Amit,1117.0,10
Kiran,4310.0,9
Amit,2975.0,2
Ravi,3482.0,8
Amit,5184.0,11
Ravi,5330.0,4
Ravi,1609.0,9
Ravi,,4
Ravi,4793.0,2
Ravi,2877.0,6
Kiran,2659.0,9
Amit,5334.0,7
Neha,1409.0,1
Neha,2311.0,9
Kiran,1218.0,6
Sneha,3451.0,9
Ravi,3532.0,2
Amit,5209.0,11
Ravi,5257.0,7
Ravi,2031.0,8
Neha,2025.0,8
Ravi,3647.0,5
Amit,1315.0,7
Amit,1226.0,7
Neha,1479.0,3
Kiran,1223.0,11
Neha,2716.0,11
Neha,,2
Ravi,1088.0,5
Sneha,1480.0,4
Kiran,1309.0,8
Kiran,1540.0,5
Kiran,1090.0,9
Ravi,3361.0,7
Neha,1180.0,11
Ravi,1549.0,1
Amit,1002.0,2
Sneha,5002.0,8
Sneha,2058.0,10
Ravi,3274.0,8
Neha,5460.0,2
Kiran,3933.0,7
Amit,5212.0,8
Amit,3162.0,4
Sneha,2566.0,3
Neha,,10
Kiran,3768.0,9
Sneha,3155.0,2
Neha,4770.0,3
Kiran,2935.0,8
Ravi,5283.0,2
Neha,4928.0,5
Amit,2847.0,10
Neha,5921.0,8
Neha,1053.0,7
Neha,1257.0,4
Kiran,3094.0,10
Kiran,4332.0,9
Ravi,1015.0,2
Ravi,3897.0,7
Kiran,3676.0,7
Kiran,5108.0,7
Sneha,3049.0,7
Neha,,5
Neha,5638.0,1
Amit,4786.0,4
Kiran,1996.0,5
Kiran,3950.0,10
Ravi,5146.0,4
Ravi,2666.0,7
Neha,5442.0,2
Neha,4932.0,2
Kiran,3726.0,11
Neha,3899.0,2
Kiran,4987.0,10
Amit,2332.0,3
Amit,3804.0,5
Sneha,5708.0,10
Ravi,2246.0,9
Sneha,3326.0,3
Amit,1685.0,6
Neha,3366.0,6
Ravi,4114.0,11
Ravi,4139.0,6
Sneha,3953.0,5
Ravi,1143.0,2
Amit,2950.0,1
Neha,1154.0,5
Sneha,4269.0,8
Neha,5474.0,10
Sneha,1534.0,5
Kiran,4561.0,3
Ravi,4791.0,3
Kiran,5789.0,2
Ravi,1787.0,7
Kiran,,2
Neha,3520.0,6
Amit,1141.0,8
Sneha,,8
Ravi,4640.0,2
Sneha,2992.0,6
Amit,1810.0,3
Kiran,2271.0,9
Neha,3882.0,3
Sneha,1703.0,1
Kiran,1170.0,9
Ravi,3267.0,8
Sneha,3082.0,2
Sneha,3333.0,10
Ravi,2434.0,10
Amit,2431.0,3
Kiran,4446.0,7
Sneha,,6
Kiran,,8
Neha,2764.0,10
Kiran,1007.0,5
Kiran,5119.0,5
Ravi,2440.0,2
Kiran,1013.0,6
Amit,3768.0,11
Kiran,1948.0,11
Neha,4713.0,5
Kiran,4782.0,9
Ravi,2846.0,3
Neha,4347.0,5
Ravi,4169.0,3
Amit,5510.0,9
Amit,2811.0,9
Ravi,2128.0,10
Amit,3713.0,7
Ravi,4593.0,1
Sneha,4111.0,9
Kiran,5536.0,9
Sneha,4110.0,10
Amit,5205.0,5
Ravi,3478.0,11
Ravi,2445.0,2
Ravi,1381.0,1
Ravi,2528.0,2
Kiran,3622.0,4
Neha,4582.0,4
Sneha,4102.0,1
Amit,,8
Ravi,3823.0,10
Sneha,3206.0,8
Neha,4233.0,8
Sneha,4440.0,5
Amit,2383.0,10
Ravi,1623.0,2
Amit,5646.0,4
Ravi,3772.0,1
Neha,1134.0,10
Amit,5797.0,1
Sneha,5049.0,10
Neha,3639.0,3
Amit,2276.0,4
Ravi,5302.0,11
Neha,1508.0,11
Ravi,1530.0,3
Kiran,3239.0,11
Sneha,4257.0,3
Ravi,1406.0,8
Amit,5184.0,4
Kiran,5703.0,3
Neha,5370.0,9
Amit,1061.0,1
Neha,,8
Kiran,4780.0,5
Amit,4975.0,8
Ravi,5632.0,10
Amit,3720.0,3
Sneha,4111.0,6
Ravi,5995.0,11
Sneha,1108.0,7
Amit,4335.0,8
Amit,2022.0,7
Neha,3444.0,7
Amit,4351.0,2
Ravi,2881.0,3
Sneha,4007.0,6
Kiran,5625.0,3
Sneha,3275.0,9
Neha,2216.0,9
Kiran,1321.0,6
Kiran,5438.0,1
Amit,2052.0,1
Neha,4386.0,4
Neha,4182.0,11
Amit,5729.0,10
Ravi,,8
Amit,2539.0,3
Neha,3560.0,4
Kiran,3449.0,11
Ravi,,6
Neha,2743.0,11
Neha,2703.0,9
Amit,5741.0,4
Sneha,5175.0,3
Neha,2332.0,10
Sneha,3669.0,10
Ravi,,9
Kiran,3215.0,7
Sneha,1685.0,9
Sneha,3893.0,11
Sneha,2567.0,10
Sneha,1461.0,6
Sneha,2064.0,4
Ravi,5896.0,5
Neha,4941.0,10
Kiran,5868.0,2
Neha,4665.0,3
Ravi,3222.0,5
Ravi,4169.0,3
Sneha,1167.0,3
Ravi,1559.0,9
Ravi,4750.0,4
Sneha,2554.0,4
Ravi,5610.0,1
Ravi,3462.0,7
Ravi,3539.0,10
Amit,4591.0,9
Neha,3590.0,8
Amit,3299.0,2
Neha,2757.0,6
Sneha,3732.0,10
Sneha,5341.0,10
Neha,1488.0,5
Neha,2949.0,8
Kiran,,1
Neha,4171.0,9
Neha,1369.0,9
Sneha,5016.0,11
Sneha,1959.0,7
Ravi,1258.0,8
Ravi,5597.0,9
Sneha,5750.0,5
Ravi,2636.0,11
Amit,1479.0,2
Amit,5336.0,1
Ravi,3416.0,5
Ravi,4825.0,8
Neha,5828.0,10
Neha,5497.0,4
Amit,4570.0,4
Amit,5690.0,4
Neha,1288.0,8
Neha,2687.0,7
Neha,5230.0,11
Ravi,2478.0,1
Sneha,5321.0,10
Amit,3685.0,6
Kiran,3032.0,4
Neha,5704.0,2
Ravi,3897.0,3
Amit,,4
Neha,5922.0,10
Ravi,1411.0,7
Amit,1374.0,1
Amit,,1
Kiran,1482.0,3
Kiran,1272.0,2
Amit,3054.0,3
Ravi,,3
Neha,5615.0,11
Neha,4075.0,1
Amit,2761.0,6
Neha,1817.0,8
Kiran,5583.0,5
Neha,,1
Sneha,3535.0,11
Kiran,2192.0,10
Kiran,1937.0,11
Amit,3454.0,7
Amit,5559.0,11
Neha,3180.0,10
Neha,5602.0,9
Amit,3681.0,7
Ravi,1023.0,9
Neha,5710.0,10
Ravi,4204.0,9
Kiran,1452.0,2
Sneha,1274.0,8
Ravi,2025.0,7
Neha,4616.0,7
Amit,3709.0,2
Amit,1166.0,1
Sneha,1297.0,4
Sneha,,7
Kiran,1937.0,6
Ravi,4051.0,10
Sneha,,2
Kiran,1571.0,7
Kiran,1141.0,10
Kiran,,11
Neha,1767.0,9
Sneha,2627.0,2
Amit,1833.0,10
Kiran,5711.0,11
Amit,1654.0,5
Neha,5126.0,11
Ravi,1142.0,2
Neha,,1
Neha,3878.0,11
Sneha,5607.0,7
Kiran,4526.0,2
Neha,4433.0,6
Kiran,5556.0,7
Amit,2191.0,1
Ravi,5362.0,11
Ravi,3991.0,9
Amit,1384.0,6
Sneha,4929.0,2
Amit,3199.0,1
Amit,,1
Sneha,3266.0,2
Sneha,3643.0,9
Neha,4732.0,2
Kiran,3989.0,1
Ravi,5396.0,4
Sneha,2072.0,9
Sneha,1762.0,8
Neha,3561.0,7
Neha,,8
Kiran,,2
Sneha,2799.0,5
Sneha,3138.0,7
Neha,4271.0,1
Amit,4172.0,6
Kiran,,7
Sneha,5822.0,8
Ravi,5260.0,5
Ravi,1451.0,8
Neha,1818.0,10
Ravi,1955.0,11
Neha,5581.0,1
Amit,4886.0,4
Neha,4782.0,11
Sneha,3548.0,6
Ravi,4033.0,4
Sneha,3327.0,5
Ravi,,11
Ravi,4740.0,11
Neha,2210.0,2
Kiran,1829.0,7
Ravi,5584.0,9
Ravi,5320.0,7
Kiran,5023.0,1
Sneha,1985.0,2
Ravi,,11
Neha,5197.0,8
Kiran,3814.0,1
Kiran,4346.0,2
Ravi,3041.0,5
Sneha,3723.0,6
Sneha,3480.0,1
Amit,5645.0,1
Amit,2536.0,2
Neha,3438.0,3
Ravi,2920.0,9
Sneha,4675.0,3
Amit,5859.0,8
Ravi,1986.0,6
Ravi,4367.0,10
Sneha,5868.0,5
Ravi,3960.0,9
Kiran,3673.0,8
Amit,4347.0,11
Neha,4449.0,3
Amit,5881.0,7
Ravi,4245.0,4
Kiran,4970.0,8
Amit,3615.0,7
Sneha,3907.0,3
Kiran,3052.0,7
Amit,1496.0,6
Ravi,5452.0,6
Sneha,5564.0,11
Ravi,5534.0,10
Ravi,5060.0,3
Sneha,1828.0,4
Kiran,5797.0,4
Amit,5142.0,6
Kiran,5705.0,9
Sneha,,5
Amit,3168.0,8
Sneha,4730.0,5
Neha,4833.0,6
Neha,4146.0,6
Kiran,,4
Sneha,5280.0,10
Amit,1820.0,10
Kiran,2607.0,5
Neha,2693.0,4
Neha,2363.0,2
